lever_set,b_A,b_B,b_C,pcu_C,growth_upper,categories,jacobian_s2,jacobian_s3,r2_O1,r2_O2,r2_O3,largest_unexplained,o3_flat,front_s2,front_s3,front_n
injection,-0.5,-0.5,-0.5,1.0,0.01,ABCDE,0.0818,0.0045,0.99280,0.99736,0.98944,0.1028,False,0.4643,0.0293,200
injection,-0.5,-0.5,-0.5,1.0,0.01,ABC,0.0273,0.0182,0.98770,0.99736,0.98944,0.1109,False,0.2327,0.0350,200
injection,-0.5,-0.5,-0.5,1.0,0.03,ABCDE,0.1391,0.0144,0.97395,0.98915,0.97535,0.1614,False,0.4019,0.0195,200
injection,-0.5,-0.5,-0.5,1.0,0.03,ABC,0.0438,0.0246,0.96941,0.98915,0.97535,0.1749,False,0.2967,0.0323,200
injection,-0.5,-0.5,-0.5,1.5,0.01,ABCDE,0.0822,0.0225,0.99280,0.99499,0.98944,0.1028,False,0.4806,0.0230,200
injection,-0.5,-0.5,-0.5,1.5,0.01,ABC,0.0312,0.0153,0.98770,0.99499,0.98944,0.1109,False,0.0351,0.0112,200
injection,-0.5,-0.5,-0.5,1.5,0.03,ABCDE,0.1387,0.0496,0.97395,0.97967,0.97535,0.1614,False,0.4111,0.0328,200
injection,-0.5,-0.5,-0.5,1.5,0.03,ABC,0.0598,0.0185,0.96941,0.97967,0.97535,0.1749,False,0.0567,0.0102,200
injection,-0.5,-0.5,-0.5,2.0,0.01,ABCDE,0.0830,0.0396,0.99280,0.98943,0.98944,0.1028,False,0.5040,0.0352,200
injection,-0.5,-0.5,-0.5,2.0,0.01,ABC,0.0441,0.0105,0.98770,0.98943,0.98944,0.1109,False,0.0291,0.0059,200
injection,-0.5,-0.5,-0.5,2.0,0.03,ABCDE,0.1390,0.0838,0.97395,0.95726,0.97535,0.2067,False,0.4638,0.0268,200
injection,-0.5,-0.5,-0.5,2.0,0.03,ABC,0.0871,0.0125,0.96941,0.95726,0.97535,0.2067,False,0.0236,0.0049,200
injection,-0.5,-0.5,-0.5,3.0,0.01,ABCDE,0.0901,0.0683,0.99280,0.96938,0.98944,0.1750,False,0.5290,0.0400,200
injection,-0.5,-0.5,-0.5,3.0,0.01,ABC,0.0749,0.0057,0.98770,0.96938,0.98944,0.1750,False,0.0229,0.0018,200
injection,-0.5,-0.5,-0.5,3.0,0.03,ABCDE,0.1598,0.1287,0.97395,0.88390,0.97535,0.3407,False,0.3834,0.0219,200
injection,-0.5,-0.5,-0.5,3.0,0.03,ABC,0.1465,0.0075,0.96941,0.88390,0.97535,0.3407,False,0.0265,0.0019,200
injection,-0.5,-0.5,-1.0,1.0,0.01,ABCDE,0.0958,0.0173,0.98910,0.99736,0.98404,0.1264,False,0.5967,0.0350,200
injection,-0.5,-0.5,-1.0,1.0,0.01,ABC,0.0766,0.0245,0.97627,0.99736,0.98404,0.1541,False,0.5392,0.0427,200
injection,-0.5,-0.5,-1.0,1.0,0.03,ABCDE,0.1851,0.0383,0.94970,0.98915,0.95154,0.2243,False,0.5658,0.0611,200
injection,-0.5,-0.5,-1.0,1.0,0.03,ABC,0.1516,0.0253,0.93174,0.98915,0.95154,0.2613,False,0.3138,0.0335,200
injection,-0.5,-0.5,-1.0,1.5,0.01,ABCDE,0.0952,0.0328,0.98910,0.99499,0.98404,0.1264,False,0.5219,0.0489,200
injection,-0.5,-0.5,-1.0,1.5,0.01,ABC,0.0790,0.0237,0.97627,0.99499,0.98404,0.1541,False,0.2826,0.0345,200
injection,-0.5,-0.5,-1.0,1.5,0.03,ABCDE,0.1865,0.0655,0.94970,0.97967,0.95154,0.2243,False,0.5111,0.0590,200
injection,-0.5,-0.5,-1.0,1.5,0.03,ABC,0.1591,0.0243,0.93174,0.97967,0.95154,0.2613,False,0.1893,0.0265,200
injection,-0.5,-0.5,-1.0,2.0,0.01,ABCDE,0.0958,0.0477,0.98910,0.98943,0.98404,0.1264,False,0.5177,0.0476,200
injection,-0.5,-0.5,-1.0,2.0,0.01,ABC,0.0857,0.0219,0.97627,0.98943,0.98404,0.1541,False,0.4798,0.0233,200
injection,-0.5,-0.5,-1.0,2.0,0.03,ABCDE,0.1925,0.0884,0.94970,0.95726,0.95154,0.2243,False,0.4336,0.0450,200
injection,-0.5,-0.5,-1.0,2.0,0.03,ABC,0.1744,0.0222,0.93174,0.95726,0.95154,0.2613,False,0.2788,0.0216,200
injection,-0.5,-0.5,-1.0,3.0,0.01,ABCDE,0.1051,0.0706,0.98910,0.96938,0.98404,0.1750,False,0.5238,0.0373,200
injection,-0.5,-0.5,-1.0,3.0,0.01,ABC,0.1070,0.0172,0.97627,0.96938,0.98404,0.1750,False,0.0570,0.0109,200
injection,-0.5,-0.5,-1.0,3.0,0.03,ABCDE,0.2211,0.1166,0.94970,0.88390,0.95154,0.3407,False,0.4757,0.0370,200
injection,-0.5,-0.5,-1.0,3.0,0.03,ABC,0.2155,0.0175,0.93174,0.88390,0.95154,0.3407,False,0.0462,0.0071,200
injection,-0.5,-0.5,-2.0,1.0,0.01,ABCDE,0.1634,0.0241,0.96598,0.99736,0.95020,0.2232,False,0.5785,0.0537,200
injection,-0.5,-0.5,-2.0,1.0,0.01,ABC,0.1769,0.0250,0.93021,0.99736,0.95020,0.2642,False,0.3153,0.0355,200
injection,-0.5,-0.5,-2.0,1.0,0.03,ABCDE,0.3008,0.0470,0.86345,0.98915,0.86470,0.3695,False,0.5095,0.0584,200
injection,-0.5,-0.5,-2.0,1.0,0.03,ABC,0.2930,0.0264,0.82831,0.98915,0.86470,0.4144,False,0.4918,0.0453,200
injection,-0.5,-0.5,-2.0,1.5,0.01,ABCDE,0.1653,0.0328,0.96598,0.99499,0.95020,0.2232,False,0.5128,0.0538,200
injection,-0.5,-0.5,-2.0,1.5,0.01,ABC,0.1786,0.0248,0.93021,0.99499,0.95020,0.2642,False,0.4556,0.0337,200
injection,-0.5,-0.5,-2.0,1.5,0.03,ABCDE,0.3062,0.0628,0.86345,0.97967,0.86470,0.3695,False,0.5063,0.0684,200
injection,-0.5,-0.5,-2.0,1.5,0.03,ABC,0.2996,0.0257,0.82831,0.97967,0.86470,0.4144,False,0.3735,0.0406,200
injection,-0.5,-0.5,-2.0,2.0,0.01,ABCDE,0.1688,0.0408,0.96598,0.98943,0.95020,0.2232,False,0.4844,0.0528,200
injection,-0.5,-0.5,-2.0,2.0,0.01,ABC,0.1826,0.0242,0.93021,0.98943,0.95020,0.2642,False,0.4430,0.0367,200
injection,-0.5,-0.5,-2.0,2.0,0.03,ABCDE,0.3168,0.0771,0.86345,0.95726,0.86470,0.3695,False,0.5084,0.0698,200
injection,-0.5,-0.5,-2.0,2.0,0.03,ABC,0.3118,0.0246,0.82831,0.95726,0.86470,0.4144,False,0.4646,0.0232,200
injection,-0.5,-0.5,-2.0,3.0,0.01,ABCDE,0.1803,0.0537,0.96598,0.96938,0.95020,0.2232,False,0.6011,0.0497,200
injection,-0.5,-0.5,-2.0,3.0,0.01,ABC,0.1961,0.0223,0.93021,0.96938,0.95020,0.2642,False,0.3733,0.0225,200
injection,-0.5,-0.5,-2.0,3.0,0.03,ABCDE,0.3427,0.0969,0.86345,0.88390,0.86470,0.3695,False,0.5561,0.0738,200
injection,-0.5,-0.5,-2.0,3.0,0.03,ABC,0.3414,0.0220,0.82831,0.88390,0.86470,0.4144,False,0.4864,0.0217,200
injection,-0.5,-1.0,-0.5,1.0,0.01,ABCDE,0.0316,0.0153,0.99970,0.99736,0.99862,0.0514,False,0.2599,0.0371,200
injection,-0.5,-1.0,-0.5,1.0,0.01,ABC,0.0800,0.0072,0.97041,0.99736,0.99862,0.1720,False,0.3987,0.0187,200
injection,-0.5,-1.0,-0.5,1.0,0.03,ABCDE,0.0609,0.0295,0.99887,0.98915,0.99449,0.1042,False,0.2904,0.0362,200
injection,-0.5,-1.0,-0.5,1.0,0.03,ABC,0.1193,0.0076,0.94130,0.98915,0.99449,0.2423,False,0.3470,0.0358,200
injection,-0.5,-1.0,-0.5,1.5,0.01,ABCDE,0.0335,0.0219,0.99970,0.99499,0.99862,0.0708,False,0.0418,0.0229,200
injection,-0.5,-1.0,-0.5,1.5,0.01,ABC,0.0806,0.0111,0.97041,0.99499,0.99862,0.1720,False,0.5640,0.0311,200
injection,-0.5,-1.0,-0.5,1.5,0.03,ABCDE,0.0648,0.0402,0.99887,0.97967,0.99449,0.1426,False,0.1722,0.0256,200
injection,-0.5,-1.0,-0.5,1.5,0.03,ABC,0.1204,0.0289,0.94130,0.97967,0.99449,0.2423,False,0.5363,0.0323,200
injection,-0.5,-1.0,-0.5,2.0,0.01,ABCDE,0.0469,0.0210,0.99970,0.98943,0.99862,0.1028,False,0.0319,0.0145,200
injection,-0.5,-1.0,-0.5,2.0,0.01,ABC,0.0813,0.0295,0.97041,0.98943,0.99862,0.1720,False,0.4041,0.0377,200
injection,-0.5,-1.0,-0.5,2.0,0.03,ABCDE,0.0932,0.0375,0.99887,0.95726,0.99449,0.2067,False,0.0513,0.0184,200
injection,-0.5,-1.0,-0.5,2.0,0.03,ABC,0.1227,0.0638,0.94130,0.95726,0.99449,0.2423,False,0.3805,0.0309,200
injection,-0.5,-1.0,-0.5,3.0,0.01,ABCDE,0.0787,0.0191,0.99970,0.96938,0.99862,0.1750,False,0.0280,0.0065,200
injection,-0.5,-1.0,-0.5,3.0,0.01,ABC,0.0841,0.0639,0.97041,0.96938,0.99862,0.1750,False,0.4941,0.0332,200
injection,-0.5,-1.0,-0.5,3.0,0.03,ABCDE,0.1524,0.0333,0.99887,0.88390,0.99449,0.3407,False,0.0276,0.0080,200
injection,-0.5,-1.0,-0.5,3.0,0.03,ABC,0.1443,0.1073,0.94130,0.88390,0.99449,0.3407,False,0.3245,0.0320,200
injection,-0.5,-1.0,-1.0,1.0,0.01,ABCDE,0.0511,0.0179,0.99883,0.99736,0.99472,0.0726,False,0.5847,0.0410,200
injection,-0.5,-1.0,-1.0,1.0,0.01,ABC,0.0985,0.0100,0.96612,0.99736,0.99472,0.1841,False,0.5626,0.0292,200
injection,-0.5,-1.0,-1.0,1.0,0.03,ABCDE,0.1088,0.0379,0.99445,0.98915,0.97368,0.1622,False,0.3881,0.0338,200
injection,-0.5,-1.0,-1.0,1.0,0.03,ABC,0.1609,0.0146,0.93114,0.98915,0.97368,0.2624,False,0.5290,0.0269,200
injection,-0.5,-1.0,-1.0,1.5,0.01,ABCDE,0.0611,0.0107,0.99883,0.99499,0.99472,0.0726,False,0.0578,0.0107,200
injection,-0.5,-1.0,-1.0,1.5,0.01,ABC,0.0999,0.0251,0.96612,0.99499,0.99472,0.1841,False,0.5697,0.0354,200
injection,-0.5,-1.0,-1.0,1.5,0.03,ABCDE,0.1286,0.0244,0.99445,0.97967,0.97368,0.1622,False,0.1210,0.0112,200
injection,-0.5,-1.0,-1.0,1.5,0.03,ABC,0.1680,0.0399,0.93114,0.97967,0.97368,0.2624,False,0.4767,0.0306,200
injection,-0.5,-1.0,-1.0,2.0,0.01,ABCDE,0.0737,0.0055,0.99883,0.98943,0.99472,0.1028,False,0.0435,0.0043,200
injection,-0.5,-1.0,-1.0,2.0,0.01,ABC,0.1026,0.0388,0.96612,0.98943,0.99472,0.1841,False,0.5053,0.0395,200
injection,-0.5,-1.0,-1.0,2.0,0.03,ABCDE,0.1538,0.0143,0.99445,0.95726,0.97368,0.2067,False,0.0596,0.0063,200
injection,-0.5,-1.0,-1.0,2.0,0.03,ABC,0.1787,0.0617,0.93114,0.95726,0.97368,0.2624,False,0.4844,0.0413,200
injection,-0.5,-1.0,-1.0,3.0,0.01,ABCDE,0.1018,0.0020,0.99883,0.96938,0.99472,0.1750,False,0.0327,0.0031,200
injection,-0.5,-1.0,-1.0,3.0,0.01,ABC,0.1150,0.0604,0.96612,0.96938,0.99472,0.1841,False,0.5715,0.0286,200
injection,-0.5,-1.0,-1.0,3.0,0.03,ABCDE,0.2073,0.0034,0.99445,0.88390,0.97368,0.3407,False,0.0312,0.0039,200
injection,-0.5,-1.0,-1.0,3.0,0.03,ABC,0.2151,0.0899,0.93114,0.88390,0.97368,0.3407,False,0.4597,0.0337,200
injection,-0.5,-1.0,-2.0,1.0,0.01,ABCDE,0.1542,0.0230,0.98598,0.99736,0.93798,0.2490,False,0.5312,0.0350,200
injection,-0.5,-1.0,-2.0,1.0,0.01,ABC,0.1892,0.0203,0.94282,0.99736,0.93798,0.2490,False,0.6172,0.0604,200
injection,-0.5,-1.0,-2.0,1.0,0.03,ABCDE,0.2787,0.0457,0.95371,0.98915,0.79816,0.4493,False,0.5708,0.0293,200
injection,-0.5,-1.0,-2.0,1.0,0.03,ABC,0.3081,0.0232,0.88488,0.98915,0.79816,0.4493,False,0.4705,0.0280,200
injection,-0.5,-1.0,-2.0,1.5,0.01,ABCDE,0.1607,0.0204,0.98598,0.99499,0.93798,0.2490,False,0.5981,0.0275,200
injection,-0.5,-1.0,-2.0,1.5,0.01,ABC,0.1931,0.0280,0.94282,0.99499,0.93798,0.2490,False,0.4979,0.0627,200
injection,-0.5,-1.0,-2.0,1.5,0.03,ABCDE,0.2940,0.0396,0.95371,0.97967,0.79816,0.4493,False,0.5850,0.0275,200
injection,-0.5,-1.0,-2.0,1.5,0.03,ABC,0.3204,0.0365,0.88488,0.97967,0.79816,0.4493,False,0.4940,0.0448,200
injection,-0.5,-1.0,-2.0,2.0,0.01,ABCDE,0.1696,0.0178,0.98598,0.98943,0.93798,0.2490,False,0.5195,0.0216,200
injection,-0.5,-1.0,-2.0,2.0,0.01,ABC,0.1984,0.0350,0.94282,0.98943,0.93798,0.2490,False,0.6208,0.0498,200
injection,-0.5,-1.0,-2.0,2.0,0.03,ABCDE,0.3114,0.0334,0.95371,0.95726,0.79816,0.4493,False,0.6393,0.0232,200
injection,-0.5,-1.0,-2.0,2.0,0.03,ABC,0.3350,0.0477,0.88488,0.95726,0.79816,0.4493,False,0.4975,0.0356,200
injection,-0.5,-1.0,-2.0,3.0,0.01,ABCDE,0.1904,0.0129,0.98598,0.96938,0.93798,0.2490,False,0.1613,0.0102,200
injection,-0.5,-1.0,-2.0,3.0,0.01,ABC,0.2141,0.0462,0.94282,0.96938,0.93798,0.2490,False,0.4787,0.0493,200
injection,-0.5,-1.0,-2.0,3.0,0.03,ABCDE,0.3489,0.0232,0.95371,0.88390,0.79816,0.4493,False,0.3189,0.0142,200
injection,-0.5,-1.0,-2.0,3.0,0.03,ABC,0.3663,0.0652,0.88488,0.88390,0.79816,0.4493,False,0.5653,0.0533,200
injection,-0.5,-2.0,-0.5,1.0,0.01,ABCDE,0.4548,0.0103,0.98577,0.99736,0.35189,0.8051,False,0.6235,0.0359,200
injection,-0.5,-2.0,-0.5,1.0,0.01,ABC,0.4954,0.0123,0.94289,0.99736,0.35189,0.8051,False,0.6920,0.0324,200
injection,-0.5,-2.0,-0.5,1.0,0.03,ABCDE,0.5778,0.0273,0.96920,0.98915,0.02958,0.9851,False,0.5556,0.0273,200
injection,-0.5,-2.0,-0.5,1.0,0.03,ABC,0.5630,0.0131,0.90351,0.98915,0.02958,0.9851,False,0.5482,0.0256,200
injection,-0.5,-2.0,-0.5,1.5,0.01,ABCDE,0.4548,0.0287,0.98577,0.99499,0.35189,0.8051,False,0.5663,0.0276,200
injection,-0.5,-2.0,-0.5,1.5,0.01,ABC,0.4977,0.0065,0.94289,0.99499,0.35189,0.8051,False,0.6177,0.0233,200
injection,-0.5,-2.0,-0.5,1.5,0.03,ABCDE,0.5854,0.0618,0.96920,0.97967,0.02958,0.9851,False,0.5182,0.0462,200
injection,-0.5,-2.0,-0.5,1.5,0.03,ABC,0.5733,0.0209,0.90351,0.97967,0.02958,0.9851,False,0.6215,0.0323,200
injection,-0.5,-2.0,-0.5,2.0,0.01,ABCDE,0.4558,0.0472,0.98577,0.98943,0.35189,0.8051,False,0.5568,0.0450,200
injection,-0.5,-2.0,-0.5,2.0,0.01,ABC,0.4995,0.0254,0.94289,0.98943,0.35189,0.8051,False,0.6110,0.0504,200
injection,-0.5,-2.0,-0.5,2.0,0.03,ABCDE,0.5939,0.0958,0.96920,0.95726,0.02958,0.9851,False,0.5647,0.0419,200
injection,-0.5,-2.0,-0.5,2.0,0.03,ABC,0.5819,0.0537,0.90351,0.95726,0.02958,0.9851,False,0.5989,0.0563,200
injection,-0.5,-2.0,-0.5,3.0,0.01,ABCDE,0.4590,0.0830,0.98577,0.96938,0.35189,0.8051,False,0.6363,0.0435,200
injection,-0.5,-2.0,-0.5,3.0,0.01,ABC,0.5036,0.0624,0.94289,0.96938,0.35189,0.8051,False,0.5537,0.0713,200
injection,-0.5,-2.0,-0.5,3.0,0.03,ABCDE,0.6079,0.1584,0.96920,0.88390,0.02958,0.9851,False,0.5828,0.0717,200
injection,-0.5,-2.0,-0.5,3.0,0.03,ABC,0.5994,0.1148,0.90351,0.88390,0.02958,0.9851,False,0.5934,0.0689,200
injection,-0.5,-2.0,-1.0,1.0,0.01,ABCDE,0.4960,0.0030,0.98688,0.99736,0.36492,0.7969,False,0.5971,0.0197,200
injection,-0.5,-2.0,-1.0,1.0,0.01,ABC,0.5429,0.0055,0.94286,0.99736,0.36492,0.7969,False,0.5850,0.0206,200
injection,-0.5,-2.0,-1.0,1.0,0.03,ABCDE,0.6374,0.0071,0.97434,0.98915,0.03351,0.9831,False,0.5886,0.0162,200
injection,-0.5,-2.0,-1.0,1.0,0.03,ABC,0.6188,0.0039,0.90571,0.98915,0.03351,0.9831,False,0.5794,0.0201,200
injection,-0.5,-2.0,-1.0,1.5,0.01,ABCDE,0.4975,0.0219,0.98688,0.99499,0.36492,0.7969,False,0.6135,0.0267,200
injection,-0.5,-2.0,-1.0,1.5,0.01,ABC,0.5448,0.0136,0.94286,0.99499,0.36492,0.7969,False,0.6173,0.0444,200
injection,-0.5,-2.0,-1.0,1.5,0.03,ABCDE,0.6430,0.0432,0.97434,0.97967,0.03351,0.9831,False,0.5894,0.0212,200
injection,-0.5,-2.0,-1.0,1.5,0.03,ABC,0.6292,0.0326,0.90571,0.97967,0.03351,0.9831,False,0.6243,0.0417,200
injection,-0.5,-2.0,-1.0,2.0,0.01,ABCDE,0.5000,0.0405,0.98688,0.98943,0.36492,0.7969,False,0.5796,0.0268,200
injection,-0.5,-2.0,-1.0,2.0,0.01,ABC,0.5475,0.0328,0.94286,0.98943,0.36492,0.7969,False,0.6857,0.0480,200
injection,-0.5,-2.0,-1.0,2.0,0.03,ABCDE,0.6449,0.0791,0.97434,0.95726,0.03351,0.9831,False,0.5437,0.0328,200
injection,-0.5,-2.0,-1.0,2.0,0.03,ABC,0.6358,0.0683,0.90571,0.95726,0.03351,0.9831,False,0.6020,0.0411,200
injection,-0.5,-2.0,-1.0,3.0,0.01,ABCDE,0.5080,0.0765,0.98688,0.96938,0.36492,0.7969,False,0.6035,0.0439,200
injection,-0.5,-2.0,-1.0,3.0,0.01,ABC,0.5555,0.0700,0.94286,0.96938,0.36492,0.7969,False,0.6045,0.0445,200
injection,-0.5,-2.0,-1.0,3.0,0.03,ABCDE,0.6540,0.1460,0.97434,0.88390,0.03351,0.9831,False,0.4695,0.0314,200
injection,-0.5,-2.0,-1.0,3.0,0.03,ABC,0.6492,0.1339,0.90571,0.88390,0.03351,0.9831,False,0.5803,0.0587,200
injection,-0.5,-2.0,-2.0,1.0,0.01,ABCDE,0.4906,0.0083,0.98269,0.99736,0.29114,0.8419,False,0.5859,0.0148,200
injection,-0.5,-2.0,-2.0,1.0,0.01,ABC,0.5261,0.0078,0.93520,0.99736,0.29114,0.8419,False,0.5660,0.0146,200
injection,-0.5,-2.0,-2.0,1.0,0.03,ABCDE,0.5654,0.0179,0.96380,0.98915,0.02832,0.9857,False,0.6230,0.0180,200
injection,-0.5,-2.0,-2.0,1.0,0.03,ABC,0.5588,0.0091,0.89244,0.98915,0.02832,0.9857,False,0.5699,0.0178,200
injection,-0.5,-2.0,-2.0,1.5,0.01,ABCDE,0.4960,0.0085,0.98269,0.99499,0.29114,0.8419,False,0.5274,0.0156,200
injection,-0.5,-2.0,-2.0,1.5,0.01,ABC,0.5310,0.0243,0.93520,0.99499,0.29114,0.8419,False,0.5840,0.0323,200
injection,-0.5,-2.0,-2.0,1.5,0.03,ABCDE,0.5657,0.0170,0.96380,0.97967,0.02832,0.9857,False,0.5907,0.0203,200
injection,-0.5,-2.0,-2.0,1.5,0.03,ABC,0.5561,0.0398,0.89244,0.97967,0.02832,0.9857,False,0.5894,0.0327,200
injection,-0.5,-2.0,-2.0,2.0,0.01,ABCDE,0.5013,0.0247,0.98269,0.98943,0.29114,0.8419,False,0.6529,0.0182,200
injection,-0.5,-2.0,-2.0,2.0,0.01,ABC,0.5349,0.0413,0.93520,0.98943,0.29114,0.8419,False,0.5798,0.0383,200
injection,-0.5,-2.0,-2.0,2.0,0.03,ABCDE,0.5674,0.0445,0.96380,0.95726,0.02832,0.9857,False,0.5309,0.0176,200
injection,-0.5,-2.0,-2.0,2.0,0.03,ABC,0.5575,0.0688,0.89244,0.95726,0.02832,0.9857,False,0.5192,0.0387,200
injection,-0.5,-2.0,-2.0,3.0,0.01,ABCDE,0.5138,0.0565,0.98269,0.96938,0.29114,0.8419,False,0.5972,0.0259,200
injection,-0.5,-2.0,-2.0,3.0,0.01,ABC,0.5473,0.0740,0.93520,0.96938,0.29114,0.8419,False,0.4787,0.0335,200
injection,-0.5,-2.0,-2.0,3.0,0.03,ABCDE,0.5685,0.0992,0.96380,0.88390,0.02832,0.9857,False,0.5300,0.0142,200
injection,-0.5,-2.0,-2.0,3.0,0.03,ABC,0.5537,0.1223,0.89244,0.88390,0.02832,0.9857,False,0.4920,0.0340,200
injection,-1.0,-0.5,-0.5,1.0,0.01,ABCDE,0.1900,0.0044,0.99552,0.99736,0.85697,0.3782,False,0.6048,0.0222,200
injection,-1.0,-0.5,-0.5,1.0,0.01,ABC,0.1586,0.0042,0.99761,0.99736,0.85697,0.3782,False,0.4557,0.0216,200
injection,-1.0,-0.5,-0.5,1.0,0.03,ABCDE,0.2354,0.0085,0.98386,0.98915,0.82288,0.4209,False,0.4844,0.0499,200
injection,-1.0,-0.5,-0.5,1.0,0.03,ABC,0.1674,0.0069,0.99389,0.98915,0.82288,0.4209,False,0.4808,0.0229,200
injection,-1.0,-0.5,-0.5,1.5,0.01,ABCDE,0.1896,0.0128,0.99552,0.99499,0.85697,0.3782,False,0.6212,0.0474,200
injection,-1.0,-0.5,-0.5,1.5,0.01,ABC,0.1559,0.0201,0.99761,0.99499,0.85697,0.3782,False,0.5534,0.0292,200
injection,-1.0,-0.5,-0.5,1.5,0.03,ABCDE,0.2355,0.0272,0.98386,0.97967,0.82288,0.4209,False,0.5642,0.0372,200
injection,-1.0,-0.5,-0.5,1.5,0.03,ABC,0.1629,0.0388,0.99389,0.97967,0.82288,0.4209,False,0.3441,0.0312,200
injection,-1.0,-0.5,-0.5,2.0,0.01,ABCDE,0.1895,0.0301,0.99552,0.98943,0.85697,0.3782,False,0.4831,0.0634,200
injection,-1.0,-0.5,-0.5,2.0,0.01,ABC,0.1537,0.0363,0.99761,0.98943,0.85697,0.3782,False,0.4748,0.0302,200
injection,-1.0,-0.5,-0.5,2.0,0.03,ABCDE,0.2365,0.0615,0.98386,0.95726,0.82288,0.4209,False,0.5006,0.0386,200
injection,-1.0,-0.5,-0.5,2.0,0.03,ABC,0.1598,0.0706,0.99389,0.95726,0.82288,0.4209,False,0.4049,0.0407,200
injection,-1.0,-0.5,-0.5,3.0,0.01,ABCDE,0.1908,0.0641,0.99552,0.96938,0.85697,0.3782,False,0.3982,0.0454,200
injection,-1.0,-0.5,-0.5,3.0,0.01,ABC,0.1513,0.0689,0.99761,0.96938,0.85697,0.3782,False,0.4810,0.0328,200
injection,-1.0,-0.5,-0.5,3.0,0.03,ABCDE,0.2398,0.1241,0.98386,0.88390,0.82288,0.4209,False,0.5300,0.0414,200
injection,-1.0,-0.5,-0.5,3.0,0.03,ABC,0.1587,0.1294,0.99389,0.88390,0.82288,0.4209,False,0.3803,0.0450,200
injection,-1.0,-0.5,-1.0,1.0,0.01,ABCDE,0.1875,0.0083,0.99583,0.99736,0.86337,0.3696,False,0.5662,0.0347,200
injection,-1.0,-0.5,-1.0,1.0,0.01,ABC,0.1588,0.0127,0.99617,0.99736,0.86337,0.3696,False,0.5715,0.0171,200
injection,-1.0,-0.5,-1.0,1.0,0.03,ABCDE,0.2485,0.0222,0.98386,0.98915,0.81279,0.4327,False,0.6172,0.0566,200
injection,-1.0,-0.5,-1.0,1.0,0.03,ABC,0.1934,0.0148,0.98860,0.98915,0.81279,0.4327,False,0.5164,0.0251,200
injection,-1.0,-0.5,-1.0,1.5,0.01,ABCDE,0.1895,0.0266,0.99583,0.99499,0.86337,0.3696,False,0.5720,0.0275,200
injection,-1.0,-0.5,-1.0,1.5,0.01,ABC,0.1624,0.0033,0.99617,0.99499,0.86337,0.3696,False,0.5945,0.0104,200
injection,-1.0,-0.5,-1.0,1.5,0.03,ABCDE,0.2541,0.0564,0.98386,0.97967,0.81279,0.4327,False,0.4978,0.0428,200
injection,-1.0,-0.5,-1.0,1.5,0.03,ABC,0.2029,0.0133,0.98860,0.97967,0.81279,0.4327,False,0.4177,0.0118,200
injection,-1.0,-0.5,-1.0,2.0,0.01,ABCDE,0.1915,0.0443,0.99583,0.98943,0.86337,0.3696,False,0.3441,0.0274,200
injection,-1.0,-0.5,-1.0,2.0,0.01,ABC,0.1667,0.0188,0.99617,0.98943,0.86337,0.3696,False,0.4447,0.0142,200
injection,-1.0,-0.5,-1.0,2.0,0.03,ABCDE,0.2608,0.0875,0.98386,0.95726,0.81279,0.4327,False,0.4524,0.0347,200
injection,-1.0,-0.5,-1.0,2.0,0.03,ABC,0.2161,0.0370,0.98860,0.95726,0.81279,0.4327,False,0.3737,0.0154,200
injection,-1.0,-0.5,-1.0,3.0,0.01,ABCDE,0.1972,0.0774,0.99583,0.96938,0.86337,0.3696,False,0.5362,0.0341,200
injection,-1.0,-0.5,-1.0,3.0,0.01,ABC,0.1770,0.0464,0.99617,0.96938,0.86337,0.3696,False,0.4100,0.0122,200
injection,-1.0,-0.5,-1.0,3.0,0.03,ABCDE,0.2769,0.1383,0.98386,0.88390,0.81279,0.4327,False,0.5246,0.0367,200
injection,-1.0,-0.5,-1.0,3.0,0.03,ABC,0.2502,0.0717,0.98860,0.88390,0.81279,0.4327,False,0.3734,0.0184,200
injection,-1.0,-0.5,-2.0,1.0,0.01,ABCDE,0.2741,0.0220,0.98935,0.99736,0.70208,0.5458,False,0.6087,0.0365,200
injection,-1.0,-0.5,-2.0,1.0,0.01,ABC,0.2681,0.0233,0.98390,0.99736,0.70208,0.5458,False,0.5755,0.0311,200
injection,-1.0,-0.5,-2.0,1.0,0.03,ABCDE,0.3794,0.0427,0.95766,0.98915,0.59403,0.6372,False,0.5837,0.0475,200
injection,-1.0,-0.5,-2.0,1.0,0.03,ABC,0.3579,0.0236,0.95352,0.98915,0.59403,0.6372,False,0.5946,0.0301,200
injection,-1.0,-0.5,-2.0,1.5,0.01,ABCDE,0.2791,0.0334,0.98935,0.99499,0.70208,0.5458,False,0.5975,0.0295,200
injection,-1.0,-0.5,-2.0,1.5,0.01,ABC,0.2749,0.0140,0.98390,0.99499,0.70208,0.5458,False,0.5905,0.0211,200
injection,-1.0,-0.5,-2.0,1.5,0.03,ABCDE,0.3924,0.0646,0.95766,0.97967,0.59403,0.6372,False,0.5951,0.0546,200
injection,-1.0,-0.5,-2.0,1.5,0.03,ABC,0.3732,0.0072,0.95352,0.97967,0.59403,0.6372,False,0.5328,0.0150,200
injection,-1.0,-0.5,-2.0,2.0,0.01,ABCDE,0.2842,0.0443,0.98935,0.98943,0.70208,0.5458,False,0.4823,0.0342,200
injection,-1.0,-0.5,-2.0,2.0,0.01,ABC,0.2823,0.0049,0.98390,0.98943,0.70208,0.5458,False,0.5981,0.0154,200
injection,-1.0,-0.5,-2.0,2.0,0.03,ABCDE,0.4076,0.0839,0.95766,0.95726,0.59403,0.6372,False,0.6081,0.0547,200
injection,-1.0,-0.5,-2.0,2.0,0.03,ABC,0.3896,0.0085,0.95352,0.95726,0.59403,0.6372,False,0.6081,0.0184,200
injection,-1.0,-0.5,-2.0,3.0,0.01,ABCDE,0.2990,0.0640,0.98935,0.96938,0.70208,0.5458,False,0.4028,0.0346,200
injection,-1.0,-0.5,-2.0,3.0,0.01,ABC,0.3005,0.0122,0.98390,0.96938,0.70208,0.5458,False,0.5135,0.0092,200
injection,-1.0,-0.5,-2.0,3.0,0.03,ABCDE,0.4392,0.1145,0.95766,0.88390,0.59403,0.6372,False,0.4636,0.0420,200
injection,-1.0,-0.5,-2.0,3.0,0.03,ABC,0.4259,0.0322,0.95352,0.88390,0.59403,0.6372,False,0.4242,0.0113,200
injection,-1.0,-1.0,-0.5,1.0,0.01,ABCDE,0.8416,0.0248,0.99898,0.99736,0.00362,0.9982,False,0.6911,0.0230,200
injection,-1.0,-1.0,-0.5,1.0,0.01,ABC,0.8655,0.0253,0.98917,0.99736,0.00362,0.9982,False,0.6615,0.0196,200
injection,-1.0,-1.0,-0.5,1.0,0.03,ABCDE,0.8547,0.0453,0.99493,0.98915,0.01421,0.9929,False,0.6353,0.0306,200
injection,-1.0,-1.0,-0.5,1.0,0.03,ABC,0.8480,0.0251,0.97366,0.98915,0.01421,0.9929,False,0.6460,0.0253,200
injection,-1.0,-1.0,-0.5,1.5,0.01,ABCDE,0.8425,0.0247,0.99898,0.99499,0.00362,0.9982,False,0.6698,0.0266,200
injection,-1.0,-1.0,-0.5,1.5,0.01,ABC,0.8622,0.0250,0.98917,0.99499,0.00362,0.9982,False,0.6930,0.0284,200
injection,-1.0,-1.0,-0.5,1.5,0.03,ABCDE,0.8210,0.0438,0.99493,0.97967,0.01421,0.9929,False,0.6846,0.0321,200
injection,-1.0,-1.0,-0.5,1.5,0.03,ABC,0.8128,0.0242,0.97366,0.97967,0.01421,0.9929,False,0.6632,0.0309,200
injection,-1.0,-1.0,-0.5,2.0,0.01,ABCDE,0.8419,0.0244,0.99898,0.98943,0.00362,0.9982,False,0.6878,0.0245,200
injection,-1.0,-1.0,-0.5,2.0,0.01,ABC,0.8565,0.0247,0.98917,0.98943,0.00362,0.9982,False,0.6350,0.0277,200
injection,-1.0,-1.0,-0.5,2.0,0.03,ABCDE,0.7921,0.0422,0.99493,0.95726,0.01421,0.9929,False,0.6706,0.0340,200
injection,-1.0,-1.0,-0.5,2.0,0.03,ABC,0.7849,0.0233,0.97366,0.95726,0.01421,0.9929,False,0.6280,0.0257,200
injection,-1.0,-1.0,-0.5,3.0,0.01,ABCDE,0.8367,0.0238,0.99898,0.96938,0.00362,0.9982,False,0.6975,0.0399,200
injection,-1.0,-1.0,-0.5,3.0,0.01,ABC,0.8355,0.0241,0.98917,0.96938,0.00362,0.9982,False,0.6711,0.0355,200
injection,-1.0,-1.0,-0.5,3.0,0.03,ABCDE,0.7441,0.0392,0.99493,0.88390,0.01421,0.9929,False,0.6992,0.0493,200
injection,-1.0,-1.0,-0.5,3.0,0.03,ABC,0.7350,0.0215,0.97366,0.88390,0.01421,0.9929,False,0.6424,0.0283,200
injection,-1.0,-1.0,-1.0,1.0,0.01,ABCDE,0.0205,0.0000,1.00000,0.99736,,,True,0.0154,0.0000,200
injection,-1.0,-1.0,-1.0,1.0,0.01,ABC,0.0259,0.0001,0.98917,0.99736,,,True,0.0168,0.0000,200
injection,-1.0,-1.0,-1.0,1.0,0.03,ABCDE,0.0144,0.0001,1.00000,0.98915,,,True,0.0211,0.0000,200
injection,-1.0,-1.0,-1.0,1.0,0.03,ABC,0.0255,0.0001,0.97564,0.98915,,,True,0.0224,0.0000,200
injection,-1.0,-1.0,-1.0,1.5,0.01,ABCDE,0.0205,0.0004,1.00000,0.99499,,,True,0.0186,0.0000,200
injection,-1.0,-1.0,-1.0,1.5,0.01,ABC,0.0280,0.0004,0.98917,0.99499,,,True,0.0200,0.0000,200
injection,-1.0,-1.0,-1.0,1.5,0.03,ABCDE,0.0143,0.0007,1.00000,0.97967,,,True,0.0237,0.0000,200
injection,-1.0,-1.0,-1.0,1.5,0.03,ABC,0.0269,0.0010,0.97564,0.97967,,,True,0.0244,0.0000,200
injection,-1.0,-1.0,-1.0,2.0,0.01,ABCDE,0.0203,0.0007,1.00000,0.98943,,,True,0.0200,0.0000,200
injection,-1.0,-1.0,-1.0,2.0,0.01,ABC,0.0382,0.0011,0.98917,0.98943,,,True,0.0207,0.0000,200
injection,-1.0,-1.0,-1.0,2.0,0.03,ABCDE,0.0142,0.0013,1.00000,0.95726,,,True,0.0223,0.0000,200
injection,-1.0,-1.0,-1.0,2.0,0.03,ABC,0.0269,0.0019,0.97564,0.95726,,,True,0.0252,0.0000,200
injection,-1.0,-1.0,-1.0,3.0,0.01,ABCDE,0.0199,0.0013,1.00000,0.96938,,,True,0.0195,0.0000,200
injection,-1.0,-1.0,-1.0,3.0,0.01,ABC,0.0383,0.0023,0.98917,0.96938,,,True,0.0295,0.0000,200
injection,-1.0,-1.0,-1.0,3.0,0.03,ABCDE,0.0142,0.0024,1.00000,0.88390,,,True,0.0230,0.0000,200
injection,-1.0,-1.0,-1.0,3.0,0.03,ABC,0.0269,0.0037,0.97564,0.88390,,,True,0.0225,0.0000,200
injection,-1.0,-1.0,-2.0,1.0,0.01,ABCDE,0.8151,0.0241,0.99646,0.99736,0.00353,0.9982,False,0.6697,0.0197,200
injection,-1.0,-1.0,-2.0,1.0,0.01,ABC,0.8265,0.0245,0.98224,0.99736,0.00353,0.9982,False,0.6597,0.0230,200
injection,-1.0,-1.0,-2.0,1.0,0.03,ABCDE,0.7214,0.0411,0.98912,0.98915,0.01343,0.9933,False,0.6183,0.0308,200
injection,-1.0,-1.0,-2.0,1.0,0.03,ABC,0.7232,0.0227,0.96035,0.98915,0.01343,0.9933,False,0.6539,0.0238,200
injection,-1.0,-1.0,-2.0,1.5,0.01,ABCDE,0.8092,0.0239,0.99646,0.99499,0.00353,0.9982,False,0.6667,0.0191,200
injection,-1.0,-1.0,-2.0,1.5,0.01,ABC,0.8145,0.0242,0.98224,0.99499,0.00353,0.9982,False,0.6726,0.0184,200
injection,-1.0,-1.0,-2.0,1.5,0.03,ABCDE,0.6971,0.0400,0.98912,0.97967,0.01343,0.9933,False,0.6621,0.0214,200
injection,-1.0,-1.0,-2.0,1.5,0.03,ABC,0.6970,0.0223,0.96035,0.97967,0.01343,0.9933,False,0.5985,0.0227,200
injection,-1.0,-1.0,-2.0,2.0,0.01,ABCDE,0.7978,0.0236,0.99646,0.98943,0.00353,0.9982,False,0.5876,0.0137,200
injection,-1.0,-1.0,-2.0,2.0,0.01,ABC,0.8007,0.0239,0.98224,0.98943,0.00353,0.9982,False,0.6562,0.0159,200
injection,-1.0,-1.0,-2.0,2.0,0.03,ABCDE,0.6764,0.0389,0.98912,0.95726,0.01343,0.9933,False,0.6309,0.0153,200
injection,-1.0,-1.0,-2.0,2.0,0.03,ABC,0.6727,0.0217,0.96035,0.95726,0.01343,0.9933,False,0.5692,0.0170,200
injection,-1.0,-1.0,-2.0,3.0,0.01,ABCDE,0.7814,0.0230,0.99646,0.96938,0.00353,0.9982,False,0.3509,0.0153,200
injection,-1.0,-1.0,-2.0,3.0,0.01,ABC,0.7775,0.0233,0.98224,0.96938,0.00353,0.9982,False,0.3520,0.0151,200
injection,-1.0,-1.0,-2.0,3.0,0.03,ABCDE,0.6344,0.0364,0.98912,0.88390,0.01343,0.9933,False,0.3135,0.0148,200
injection,-1.0,-1.0,-2.0,3.0,0.03,ABC,0.6287,0.0203,0.96035,0.88390,0.01343,0.9933,False,0.3180,0.0158,200
injection,-1.0,-2.0,-0.5,1.0,0.01,ABCDE,0.1634,0.0128,0.99166,0.99736,0.83370,0.4078,False,0.6769,0.0409,200
injection,-1.0,-2.0,-0.5,1.0,0.01,ABC,0.1568,0.0137,0.97105,0.99736,0.83370,0.4078,False,0.6557,0.0601,200
injection,-1.0,-2.0,-0.5,1.0,0.03,ABCDE,0.2119,0.0284,0.97755,0.98915,0.73034,0.5193,False,0.5511,0.0325,200
injection,-1.0,-2.0,-0.5,1.0,0.03,ABC,0.2052,0.0152,0.94228,0.98915,0.73034,0.5193,False,0.6080,0.0282,200
injection,-1.0,-2.0,-0.5,1.5,0.01,ABCDE,0.1701,0.0257,0.99166,0.99499,0.83370,0.4078,False,0.6353,0.0455,200
injection,-1.0,-2.0,-0.5,1.5,0.01,ABC,0.1655,0.0034,0.97105,0.99499,0.83370,0.4078,False,0.6265,0.0153,200
injection,-1.0,-2.0,-0.5,1.5,0.03,ABCDE,0.2344,0.0466,0.97755,0.97967,0.73034,0.5193,False,0.5283,0.0590,200
injection,-1.0,-2.0,-0.5,1.5,0.03,ABC,0.2314,0.0020,0.94228,0.97967,0.73034,0.5193,False,0.5415,0.0122,200
injection,-1.0,-2.0,-0.5,2.0,0.01,ABCDE,0.1776,0.0373,0.99166,0.98943,0.83370,0.4078,False,0.6308,0.0632,200
injection,-1.0,-2.0,-0.5,2.0,0.01,ABC,0.1753,0.0061,0.97105,0.98943,0.83370,0.4078,False,0.6568,0.0239,200
injection,-1.0,-2.0,-0.5,2.0,0.03,ABCDE,0.2605,0.0604,0.97755,0.95726,0.73034,0.5193,False,0.4707,0.0636,200
injection,-1.0,-2.0,-0.5,2.0,0.03,ABC,0.2578,0.0121,0.94228,0.95726,0.73034,0.5193,False,0.5719,0.0251,200
injection,-1.0,-2.0,-0.5,3.0,0.01,ABCDE,0.1963,0.0567,0.99166,0.96938,0.83370,0.4078,False,0.5234,0.0890,200
injection,-1.0,-2.0,-0.5,3.0,0.01,ABC,0.1971,0.0222,0.97105,0.96938,0.83370,0.4078,False,0.5147,0.0528,200
injection,-1.0,-2.0,-0.5,3.0,0.03,ABCDE,0.3116,0.0814,0.97755,0.88390,0.73034,0.5193,False,0.5259,0.0622,200
injection,-1.0,-2.0,-0.5,3.0,0.03,ABC,0.3101,0.0293,0.94228,0.88390,0.73034,0.5193,False,0.6084,0.0453,200
injection,-1.0,-2.0,-1.0,1.0,0.01,ABCDE,0.1480,0.0071,0.99324,0.99736,0.86291,0.3703,False,0.6358,0.0413,200
injection,-1.0,-2.0,-1.0,1.0,0.01,ABC,0.1391,0.0092,0.97217,0.99736,0.86291,0.3703,False,0.5933,0.0380,200
injection,-1.0,-2.0,-1.0,1.0,0.03,ABCDE,0.1668,0.0181,0.98511,0.98915,0.81344,0.4319,False,0.6139,0.0403,200
injection,-1.0,-2.0,-1.0,1.0,0.03,ABC,0.1477,0.0103,0.94810,0.98915,0.81344,0.4319,False,0.5927,0.0407,200
injection,-1.0,-2.0,-1.0,1.5,0.01,ABCDE,0.1508,0.0223,0.99324,0.99499,0.86291,0.3703,False,0.5435,0.0405,200
injection,-1.0,-2.0,-1.0,1.5,0.01,ABC,0.1438,0.0024,0.97217,0.99499,0.86291,0.3703,False,0.5723,0.0231,200
injection,-1.0,-2.0,-1.0,1.5,0.03,ABCDE,0.1769,0.0438,0.98511,0.97967,0.81344,0.4319,False,0.5222,0.0454,200
injection,-1.0,-2.0,-1.0,1.5,0.03,ABC,0.1649,0.0090,0.94810,0.97967,0.81344,0.4319,False,0.5309,0.0253,200
injection,-1.0,-2.0,-1.0,2.0,0.01,ABCDE,0.1555,0.0365,0.99324,0.98943,0.86291,0.3703,False,0.5852,0.0597,200
injection,-1.0,-2.0,-1.0,2.0,0.01,ABC,0.1495,0.0133,0.97217,0.98943,0.86291,0.3703,False,0.6195,0.0555,200
injection,-1.0,-2.0,-1.0,2.0,0.03,ABCDE,0.1907,0.0638,0.98511,0.95726,0.81344,0.4319,False,0.4382,0.0654,200
injection,-1.0,-2.0,-1.0,2.0,0.03,ABC,0.1860,0.0233,0.94810,0.95726,0.81344,0.4319,False,0.5331,0.0413,200
injection,-1.0,-2.0,-1.0,3.0,0.01,ABCDE,0.1666,0.0607,0.99324,0.96938,0.86291,0.3703,False,0.5927,0.0480,200
injection,-1.0,-2.0,-1.0,3.0,0.01,ABC,0.1652,0.0316,0.97217,0.96938,0.86291,0.3703,False,0.5947,0.0613,200
injection,-1.0,-2.0,-1.0,3.0,0.03,ABCDE,0.2343,0.0896,0.98511,0.88390,0.81344,0.4319,False,0.4664,0.0545,200
injection,-1.0,-2.0,-1.0,3.0,0.03,ABC,0.2355,0.0426,0.94810,0.88390,0.81344,0.4319,False,0.5669,0.0571,200
injection,-1.0,-2.0,-2.0,1.0,0.01,ABCDE,0.1517,0.0038,0.99261,0.99736,0.85428,0.3817,False,0.5554,0.0206,200
injection,-1.0,-2.0,-2.0,1.0,0.01,ABC,0.1427,0.0039,0.97004,0.99736,0.85428,0.3817,False,0.5381,0.0191,200
injection,-1.0,-2.0,-2.0,1.0,0.03,ABCDE,0.1522,0.0072,0.98512,0.98915,0.82275,0.4210,False,0.2729,0.0246,200
injection,-1.0,-2.0,-2.0,1.0,0.03,ABC,0.1332,0.0029,0.94591,0.98915,0.82275,0.4210,False,0.5411,0.0198,200
injection,-1.0,-2.0,-2.0,1.5,0.01,ABCDE,0.1478,0.0112,0.99261,0.99499,0.85428,0.3817,False,0.4427,0.0171,200
injection,-1.0,-2.0,-2.0,1.5,0.01,ABC,0.1375,0.0150,0.97004,0.99499,0.85428,0.3817,False,0.5431,0.0353,200
injection,-1.0,-2.0,-2.0,1.5,0.03,ABCDE,0.1495,0.0246,0.98512,0.97967,0.82275,0.4210,False,0.4140,0.0209,200
injection,-1.0,-2.0,-2.0,1.5,0.03,ABC,0.1287,0.0249,0.94591,0.97967,0.82275,0.4210,False,0.4095,0.0378,200
injection,-1.0,-2.0,-2.0,2.0,0.01,ABCDE,0.1453,0.0261,0.99261,0.98943,0.85428,0.3817,False,0.4536,0.0246,200
injection,-1.0,-2.0,-2.0,2.0,0.01,ABC,0.1338,0.0265,0.97004,0.98943,0.85428,0.3817,False,0.3426,0.0333,200
injection,-1.0,-2.0,-2.0,2.0,0.03,ABCDE,0.1486,0.0535,0.98512,0.95726,0.82275,0.4210,False,0.2972,0.0258,200
injection,-1.0,-2.0,-2.0,2.0,0.03,ABC,0.1283,0.0454,0.94591,0.95726,0.82275,0.4210,False,0.4302,0.0391,200
injection,-1.0,-2.0,-2.0,3.0,0.01,ABCDE,0.1425,0.0569,0.99261,0.96938,0.85428,0.3817,False,0.4051,0.0266,200
injection,-1.0,-2.0,-2.0,3.0,0.01,ABC,0.1308,0.0505,0.97004,0.96938,0.85428,0.3817,False,0.4542,0.0387,200
injection,-1.0,-2.0,-2.0,3.0,0.03,ABCDE,0.1509,0.1012,0.98512,0.88390,0.82275,0.4210,False,0.2291,0.0184,200
injection,-1.0,-2.0,-2.0,3.0,0.03,ABC,0.1422,0.0708,0.94591,0.88390,0.82275,0.4210,False,0.4291,0.0415,200
injection,-2.0,-0.5,-0.5,1.0,0.01,ABCDE,0.1058,0.0070,0.99590,0.99736,0.95981,0.2005,False,0.6452,0.0318,200
injection,-2.0,-0.5,-0.5,1.0,0.01,ABC,0.1131,0.0060,0.99850,0.99736,0.95981,0.2005,False,0.6494,0.0257,200
injection,-2.0,-0.5,-0.5,1.0,0.03,ABCDE,0.2638,0.0178,0.98259,0.98915,0.74984,0.5002,False,0.5893,0.0334,200
injection,-2.0,-0.5,-0.5,1.0,0.03,ABC,0.2729,0.0100,0.99332,0.98915,0.74984,0.5002,False,0.6217,0.0275,200
injection,-2.0,-0.5,-0.5,1.5,0.01,ABCDE,0.1157,0.0013,0.99590,0.99499,0.95981,0.2005,False,0.6664,0.0079,200
injection,-2.0,-0.5,-0.5,1.5,0.01,ABC,0.1209,0.0166,0.99850,0.99499,0.95981,0.2005,False,0.6879,0.0615,200
injection,-2.0,-0.5,-0.5,1.5,0.03,ABCDE,0.2853,0.0035,0.98259,0.97967,0.74984,0.5002,False,0.5963,0.0125,200
injection,-2.0,-0.5,-0.5,1.5,0.03,ABC,0.2932,0.0321,0.99332,0.97967,0.74984,0.5002,False,0.5650,0.0528,200
injection,-2.0,-0.5,-0.5,2.0,0.01,ABCDE,0.1265,0.0073,0.99590,0.98943,0.95981,0.2005,False,0.6061,0.0391,200
injection,-2.0,-0.5,-0.5,2.0,0.01,ABC,0.1307,0.0255,0.99850,0.98943,0.95981,0.2005,False,0.6294,0.0672,200
injection,-2.0,-0.5,-0.5,2.0,0.03,ABCDE,0.3085,0.0165,0.98259,0.95726,0.74984,0.5002,False,0.5079,0.0282,200
injection,-2.0,-0.5,-0.5,2.0,0.03,ABC,0.3149,0.0513,0.99332,0.95726,0.74984,0.5002,False,0.6279,0.0747,200
injection,-2.0,-0.5,-0.5,3.0,0.01,ABCDE,0.1510,0.0173,0.99590,0.96938,0.95981,0.2005,False,0.5866,0.0713,200
injection,-2.0,-0.5,-0.5,3.0,0.01,ABC,0.1530,0.0386,0.99850,0.96938,0.95981,0.2005,False,0.4972,0.0556,200
injection,-2.0,-0.5,-0.5,3.0,0.03,ABCDE,0.3565,0.0413,0.98259,0.88390,0.74984,0.5002,False,0.5668,0.0527,200
injection,-2.0,-0.5,-0.5,3.0,0.03,ABC,0.3582,0.0814,0.99332,0.88390,0.74984,0.5002,False,0.5342,0.0703,200
injection,-2.0,-0.5,-1.0,1.0,0.01,ABCDE,0.0920,0.0028,0.99730,0.99736,0.97338,0.1632,False,0.5805,0.0194,200
injection,-2.0,-0.5,-1.0,1.0,0.01,ABC,0.1000,0.0020,0.99960,0.99736,0.97338,0.1632,False,0.5309,0.0208,200
injection,-2.0,-0.5,-1.0,1.0,0.03,ABCDE,0.2209,0.0054,0.98976,0.98915,0.84377,0.3953,False,0.5316,0.0186,200
injection,-2.0,-0.5,-1.0,1.0,0.03,ABC,0.2355,0.0036,0.99888,0.98915,0.84377,0.3953,False,0.6034,0.0191,200
injection,-2.0,-0.5,-1.0,1.5,0.01,ABCDE,0.0985,0.0061,0.99730,0.99499,0.97338,0.1632,False,0.5454,0.0289,200
injection,-2.0,-0.5,-1.0,1.5,0.01,ABC,0.1052,0.0142,0.99960,0.99499,0.97338,0.1632,False,0.5530,0.0598,200
injection,-2.0,-0.5,-1.0,1.5,0.03,ABCDE,0.2329,0.0159,0.98976,0.97967,0.84377,0.3953,False,0.5853,0.0383,200
injection,-2.0,-0.5,-1.0,1.5,0.03,ABC,0.2456,0.0299,0.99888,0.97967,0.84377,0.3953,False,0.5853,0.0417,200
injection,-2.0,-0.5,-1.0,2.0,0.01,ABCDE,0.1071,0.0135,0.99730,0.98943,0.97338,0.1632,False,0.6048,0.0459,200
injection,-2.0,-0.5,-1.0,2.0,0.01,ABC,0.1121,0.0250,0.99960,0.98943,0.97338,0.1632,False,0.6057,0.0601,200
injection,-2.0,-0.5,-1.0,2.0,0.03,ABCDE,0.2474,0.0351,0.98976,0.95726,0.84377,0.3953,False,0.5294,0.0408,200
injection,-2.0,-0.5,-1.0,2.0,0.03,ABC,0.2583,0.0535,0.99888,0.95726,0.84377,0.3953,False,0.5641,0.0816,200
injection,-2.0,-0.5,-1.0,3.0,0.01,ABCDE,0.1286,0.0239,0.99730,0.96938,0.97338,0.1750,False,0.5858,0.0632,200
injection,-2.0,-0.5,-1.0,3.0,0.01,ABC,0.1305,0.0414,0.99960,0.96938,0.97338,0.1750,False,0.5804,0.0502,200
injection,-2.0,-0.5,-1.0,3.0,0.03,ABCDE,0.2831,0.0639,0.98976,0.88390,0.84377,0.3953,False,0.5401,0.0634,200
injection,-2.0,-0.5,-1.0,3.0,0.03,ABC,0.2879,0.0913,0.99888,0.88390,0.84377,0.3953,False,0.4852,0.0609,200
injection,-2.0,-0.5,-2.0,1.0,0.01,ABCDE,0.0876,0.0073,0.99732,0.99736,0.97326,0.1635,False,0.5127,0.0317,200
injection,-2.0,-0.5,-2.0,1.0,0.01,ABC,0.0942,0.0063,0.99853,0.99736,0.97326,0.1635,False,0.3979,0.0335,200
injection,-2.0,-0.5,-2.0,1.0,0.03,ABCDE,0.2110,0.0162,0.98935,0.98915,0.84413,0.3948,False,0.5362,0.0536,200
injection,-2.0,-0.5,-2.0,1.0,0.03,ABC,0.2212,0.0068,0.99558,0.98915,0.84413,0.3948,False,0.4199,0.0274,200
injection,-2.0,-0.5,-2.0,1.5,0.01,ABCDE,0.0853,0.0175,0.99732,0.99499,0.97326,0.1635,False,0.5053,0.0331,200
injection,-2.0,-0.5,-2.0,1.5,0.01,ABC,0.0928,0.0069,0.99853,0.99499,0.97326,0.1635,False,0.4117,0.0207,200
injection,-2.0,-0.5,-2.0,1.5,0.03,ABCDE,0.2040,0.0395,0.98935,0.97967,0.84413,0.3948,False,0.4275,0.0472,200
injection,-2.0,-0.5,-2.0,1.5,0.03,ABC,0.2157,0.0203,0.99558,0.97967,0.84413,0.3948,False,0.4590,0.0200,200
injection,-2.0,-0.5,-2.0,2.0,0.01,ABCDE,0.0851,0.0272,0.99732,0.98943,0.97326,0.1635,False,0.5561,0.0346,200
injection,-2.0,-0.5,-2.0,2.0,0.01,ABC,0.0922,0.0203,0.99853,0.98943,0.97326,0.1635,False,0.4888,0.0296,200
injection,-2.0,-0.5,-2.0,2.0,0.03,ABCDE,0.1995,0.0619,0.98935,0.95726,0.84413,0.3948,False,0.4640,0.0348,200
injection,-2.0,-0.5,-2.0,2.0,0.03,ABC,0.2137,0.0474,0.99558,0.95726,0.84413,0.3948,False,0.4630,0.0279,200
injection,-2.0,-0.5,-2.0,3.0,0.01,ABCDE,0.0939,0.0411,0.99732,0.96938,0.97326,0.1750,False,0.4262,0.0470,200
injection,-2.0,-0.5,-2.0,3.0,0.01,ABC,0.0964,0.0449,0.99853,0.96938,0.97326,0.1750,False,0.3166,0.0347,200
injection,-2.0,-0.5,-2.0,3.0,0.03,ABCDE,0.2075,0.0995,0.98935,0.88390,0.84413,0.3948,False,0.3194,0.0366,200
injection,-2.0,-0.5,-2.0,3.0,0.03,ABC,0.2166,0.0962,0.99558,0.88390,0.84413,0.3948,False,0.3645,0.0230,200
injection,-2.0,-1.0,-0.5,1.0,0.01,ABCDE,0.0629,0.0114,0.99767,0.99736,0.98415,0.1259,False,0.5411,0.0712,200
injection,-2.0,-1.0,-0.5,1.0,0.01,ABC,0.0654,0.0105,0.99569,0.99736,0.98415,0.1259,False,0.6597,0.0590,200
injection,-2.0,-1.0,-0.5,1.0,0.03,ABCDE,0.1407,0.0254,0.98834,0.98915,0.91386,0.2935,False,0.4521,0.0459,200
injection,-2.0,-1.0,-0.5,1.0,0.03,ABC,0.1437,0.0138,0.98431,0.98915,0.91386,0.2935,False,0.5370,0.0383,200
injection,-2.0,-1.0,-0.5,1.5,0.01,ABCDE,0.0783,0.0078,0.99767,0.99499,0.98415,0.1259,False,0.6330,0.0509,200
injection,-2.0,-1.0,-0.5,1.5,0.01,ABC,0.0787,0.0162,0.99569,0.99499,0.98415,0.1259,False,0.6932,0.0571,200
injection,-2.0,-1.0,-0.5,1.5,0.03,ABCDE,0.1732,0.0182,0.98834,0.97967,0.91386,0.2935,False,0.5239,0.0433,200
injection,-2.0,-1.0,-0.5,1.5,0.03,ABC,0.1736,0.0234,0.98431,0.97967,0.91386,0.2935,False,0.4553,0.0336,200
injection,-2.0,-1.0,-0.5,2.0,0.01,ABCDE,0.0943,0.0053,0.99767,0.98943,0.98415,0.1259,False,0.5813,0.0272,200
injection,-2.0,-1.0,-0.5,2.0,0.01,ABC,0.0941,0.0199,0.99569,0.98943,0.98415,0.1259,False,0.5875,0.0594,200
injection,-2.0,-1.0,-0.5,2.0,0.03,ABCDE,0.2062,0.0132,0.98834,0.95726,0.91386,0.2935,False,0.4804,0.0262,200
injection,-2.0,-1.0,-0.5,2.0,0.03,ABC,0.2041,0.0301,0.98431,0.95726,0.91386,0.2935,False,0.5718,0.0385,200
injection,-2.0,-1.0,-0.5,3.0,0.01,ABCDE,0.1269,0.0022,0.99767,0.96938,0.98415,0.1750,False,0.3996,0.0089,200
injection,-2.0,-1.0,-0.5,3.0,0.01,ABC,0.1263,0.0240,0.99569,0.96938,0.98415,0.1750,False,0.4818,0.0470,200
injection,-2.0,-1.0,-0.5,3.0,0.03,ABCDE,0.2694,0.0068,0.98834,0.88390,0.91386,0.3407,False,0.4146,0.0144,200
injection,-2.0,-1.0,-0.5,3.0,0.03,ABC,0.2666,0.0381,0.98431,0.88390,0.91386,0.3407,False,0.4139,0.0493,200
injection,-2.0,-1.0,-1.0,1.0,0.01,ABCDE,0.0448,0.0087,0.99917,0.99736,0.99449,0.0742,False,0.4848,0.0625,200
injection,-2.0,-1.0,-1.0,1.0,0.01,ABC,0.0478,0.0077,0.99698,0.99736,0.99449,0.0742,False,0.4189,0.0482,200
injection,-2.0,-1.0,-1.0,1.0,0.03,ABCDE,0.0916,0.0194,0.99622,0.98915,0.97258,0.1656,False,0.3892,0.0324,200
injection,-2.0,-1.0,-1.0,1.0,0.03,ABC,0.0934,0.0103,0.99105,0.98915,0.97258,0.1656,False,0.5316,0.0314,200
injection,-2.0,-1.0,-1.0,1.5,0.01,ABCDE,0.0594,0.0048,0.99917,0.99499,0.99449,0.0742,False,0.5382,0.0327,200
injection,-2.0,-1.0,-1.0,1.5,0.01,ABC,0.0586,0.0159,0.99698,0.99499,0.99449,0.0742,False,0.5765,0.0754,200
injection,-2.0,-1.0,-1.0,1.5,0.03,ABCDE,0.1215,0.0114,0.99622,0.97967,0.97258,0.1656,False,0.5269,0.0276,200
injection,-2.0,-1.0,-1.0,1.5,0.03,ABC,0.1188,0.0249,0.99105,0.97967,0.97258,0.1656,False,0.4701,0.0412,200
injection,-2.0,-1.0,-1.0,2.0,0.01,ABCDE,0.0749,0.0023,0.99917,0.98943,0.99449,0.1028,False,0.5651,0.0189,200
injection,-2.0,-1.0,-1.0,2.0,0.01,ABC,0.0730,0.0209,0.99698,0.98943,0.99449,0.1028,False,0.4764,0.0542,200
injection,-2.0,-1.0,-1.0,2.0,0.03,ABCDE,0.1538,0.0064,0.99622,0.95726,0.97258,0.2067,False,0.5616,0.0162,200
injection,-2.0,-1.0,-1.0,2.0,0.03,ABC,0.1493,0.0333,0.99105,0.95726,0.97258,0.2067,False,0.3850,0.0644,200
injection,-2.0,-1.0,-1.0,3.0,0.01,ABCDE,0.1073,0.0008,0.99917,0.96938,0.99449,0.1750,False,0.4621,0.0033,200
injection,-2.0,-1.0,-1.0,3.0,0.01,ABC,0.1049,0.0254,0.99698,0.96938,0.99449,0.1750,False,0.4871,0.0392,200
injection,-2.0,-1.0,-1.0,3.0,0.03,ABCDE,0.2164,0.0015,0.99622,0.88390,0.97258,0.3407,False,0.3656,0.0050,200
injection,-2.0,-1.0,-1.0,3.0,0.03,ABC,0.2121,0.0418,0.99105,0.88390,0.97258,0.3407,False,0.4455,0.0509,200
injection,-2.0,-1.0,-2.0,1.0,0.01,ABCDE,0.0328,0.0066,0.99978,0.99736,0.99833,0.0514,False,0.3082,0.0520,200
injection,-2.0,-1.0,-2.0,1.0,0.01,ABC,0.0364,0.0056,0.99681,0.99736,0.99833,0.0564,False,0.3264,0.0178,200
injection,-2.0,-1.0,-2.0,1.0,0.03,ABCDE,0.0644,0.0080,0.99935,0.98915,0.99476,0.1042,False,0.3224,0.0334,200
injection,-2.0,-1.0,-2.0,1.0,0.03,ABC,0.0652,0.0059,0.99232,0.98915,0.99476,0.1042,False,0.3557,0.0365,200
injection,-2.0,-1.0,-2.0,1.5,0.01,ABCDE,0.0342,0.0094,0.99978,0.99499,0.99833,0.0708,False,0.3023,0.0250,200
injection,-2.0,-1.0,-2.0,1.5,0.01,ABC,0.0358,0.0096,0.99681,0.99499,0.99833,0.0708,False,0.2518,0.0173,200
injection,-2.0,-1.0,-2.0,1.5,0.03,ABCDE,0.0709,0.0119,0.99935,0.97967,0.99476,0.1426,False,0.2796,0.0477,200
injection,-2.0,-1.0,-2.0,1.5,0.03,ABC,0.0676,0.0230,0.99232,0.97967,0.99476,0.1426,False,0.2541,0.0283,200
injection,-2.0,-1.0,-2.0,2.0,0.01,ABCDE,0.0431,0.0094,0.99978,0.98943,0.99833,0.1028,False,0.2656,0.0278,200
injection,-2.0,-1.0,-2.0,2.0,0.01,ABC,0.0386,0.0223,0.99681,0.98943,0.99833,0.1028,False,0.2090,0.0169,200
injection,-2.0,-1.0,-2.0,2.0,0.03,ABCDE,0.0892,0.0127,0.99935,0.95726,0.99476,0.2067,False,0.2524,0.0412,200
injection,-2.0,-1.0,-2.0,2.0,0.03,ABC,0.0784,0.0407,0.99232,0.95726,0.99476,0.2067,False,0.1175,0.0215,200
injection,-2.0,-1.0,-2.0,3.0,0.01,ABCDE,0.0719,0.0085,0.99978,0.96938,0.99833,0.1750,False,0.2168,0.0178,200
injection,-2.0,-1.0,-2.0,3.0,0.01,ABC,0.0650,0.0298,0.99681,0.96938,0.99833,0.1750,False,0.1786,0.0325,200
injection,-2.0,-1.0,-2.0,3.0,0.03,ABCDE,0.1444,0.0120,0.99935,0.88390,0.99476,0.3407,False,0.1172,0.0293,200
injection,-2.0,-1.0,-2.0,3.0,0.03,ABC,0.1341,0.0492,0.99232,0.88390,0.99476,0.3407,False,0.1897,0.0259,200
injection,-2.0,-2.0,-0.5,1.0,0.01,ABCDE,0.0536,0.0123,0.99487,0.99736,0.97750,0.1500,False,0.5672,0.0500,200
injection,-2.0,-2.0,-0.5,1.0,0.01,ABC,0.0542,0.0117,0.98735,0.99736,0.97750,0.1500,False,0.5483,0.0608,200
injection,-2.0,-2.0,-0.5,1.0,0.03,ABCDE,0.1101,0.0229,0.98030,0.98915,0.92200,0.2793,False,0.4364,0.0403,200
injection,-2.0,-2.0,-0.5,1.0,0.03,ABC,0.1101,0.0129,0.96584,0.98915,0.92200,0.2793,False,0.4875,0.0290,200
injection,-2.0,-2.0,-0.5,1.5,0.01,ABCDE,0.0692,0.0156,0.99487,0.99499,0.97750,0.1500,False,0.6367,0.0742,200
injection,-2.0,-2.0,-0.5,1.5,0.01,ABC,0.0702,0.0093,0.98735,0.99499,0.97750,0.1500,False,0.5495,0.0492,200
injection,-2.0,-2.0,-0.5,1.5,0.03,ABCDE,0.1445,0.0258,0.98030,0.97967,0.92200,0.2793,False,0.4231,0.0429,200
injection,-2.0,-2.0,-0.5,1.5,0.03,ABC,0.1443,0.0105,0.96584,0.97967,0.92200,0.2793,False,0.4851,0.0330,200
injection,-2.0,-2.0,-0.5,2.0,0.01,ABCDE,0.0861,0.0175,0.99487,0.98943,0.97750,0.1500,False,0.5361,0.0395,200
injection,-2.0,-2.0,-0.5,2.0,0.01,ABC,0.0876,0.0075,0.98735,0.98943,0.97750,0.1500,False,0.4850,0.0283,200
injection,-2.0,-2.0,-0.5,2.0,0.03,ABCDE,0.1794,0.0277,0.98030,0.95726,0.92200,0.2793,False,0.4450,0.0418,200
injection,-2.0,-2.0,-0.5,2.0,0.03,ABC,0.1795,0.0088,0.96584,0.95726,0.92200,0.2793,False,0.4564,0.0234,200
injection,-2.0,-2.0,-0.5,3.0,0.01,ABCDE,0.1210,0.0194,0.99487,0.96938,0.97750,0.1750,False,0.3971,0.0288,200
injection,-2.0,-2.0,-0.5,3.0,0.01,ABC,0.1223,0.0054,0.98735,0.96938,0.97750,0.1750,False,0.5132,0.0233,200
injection,-2.0,-2.0,-0.5,3.0,0.03,ABCDE,0.2464,0.0294,0.98030,0.88390,0.92200,0.3407,False,0.5657,0.0460,200
injection,-2.0,-2.0,-0.5,3.0,0.03,ABC,0.2458,0.0067,0.96584,0.88390,0.92200,0.3407,False,0.4209,0.0248,200
injection,-2.0,-2.0,-1.0,1.0,0.01,ABCDE,0.0394,0.0116,0.99644,0.99736,0.98442,0.1248,False,0.5044,0.0500,200
injection,-2.0,-2.0,-1.0,1.0,0.01,ABC,0.0398,0.0112,0.98880,0.99736,0.98442,0.1248,False,0.3200,0.0264,200
injection,-2.0,-2.0,-1.0,1.0,0.03,ABCDE,0.0724,0.0222,0.98826,0.98915,0.95378,0.2150,False,0.4234,0.0528,200
injection,-2.0,-2.0,-1.0,1.0,0.03,ABC,0.0722,0.0124,0.97308,0.98915,0.95378,0.2150,False,0.4159,0.0303,200
injection,-2.0,-2.0,-1.0,1.5,0.01,ABCDE,0.0545,0.0161,0.99644,0.99499,0.98442,0.1248,False,0.5935,0.0746,200
injection,-2.0,-2.0,-1.0,1.5,0.01,ABC,0.0559,0.0082,0.98880,0.99499,0.98442,0.1248,False,0.4462,0.0678,200
injection,-2.0,-2.0,-1.0,1.5,0.03,ABCDE,0.1076,0.0261,0.98826,0.97967,0.95378,0.2150,False,0.5870,0.0466,200
injection,-2.0,-2.0,-1.0,1.5,0.03,ABC,0.1074,0.0094,0.97308,0.97967,0.95378,0.2150,False,0.4485,0.0309,200
injection,-2.0,-2.0,-1.0,2.0,0.01,ABCDE,0.0716,0.0183,0.99644,0.98943,0.98442,0.1248,False,0.5351,0.0692,200
injection,-2.0,-2.0,-1.0,2.0,0.01,ABC,0.0728,0.0063,0.98880,0.98943,0.98442,0.1248,False,0.4583,0.0302,200
injection,-2.0,-2.0,-1.0,2.0,0.03,ABCDE,0.1427,0.0280,0.98826,0.95726,0.95378,0.2150,False,0.4544,0.0395,200
injection,-2.0,-2.0,-1.0,2.0,0.03,ABC,0.1428,0.0075,0.97308,0.95726,0.95378,0.2150,False,0.2946,0.0223,200
injection,-2.0,-2.0,-1.0,3.0,0.01,ABCDE,0.1064,0.0201,0.99644,0.96938,0.98442,0.1750,False,0.5307,0.0589,200
injection,-2.0,-2.0,-1.0,3.0,0.01,ABC,0.1075,0.0044,0.98880,0.96938,0.98442,0.1750,False,0.3004,0.0182,200
injection,-2.0,-2.0,-1.0,3.0,0.03,ABCDE,0.2113,0.0294,0.98826,0.88390,0.95378,0.3407,False,0.4003,0.0459,200
injection,-2.0,-2.0,-1.0,3.0,0.03,ABC,0.2110,0.0056,0.97308,0.88390,0.95378,0.3407,False,0.2313,0.0182,200
injection,-2.0,-2.0,-2.0,1.0,0.01,ABCDE,0.0247,0.0043,0.99769,0.99736,0.98985,0.1008,False,0.1203,0.0171,200
injection,-2.0,-2.0,-2.0,1.0,0.01,ABC,0.0250,0.0042,0.98963,0.99736,0.98985,0.1019,False,0.2095,0.0169,200
injection,-2.0,-2.0,-2.0,1.0,0.03,ABCDE,0.0371,0.0161,0.99404,0.98915,0.97662,0.1529,False,0.1926,0.0393,200
injection,-2.0,-2.0,-2.0,1.0,0.03,ABC,0.0331,0.0087,0.97781,0.98915,0.97662,0.1529,False,0.2735,0.0387,200
injection,-2.0,-2.0,-2.0,1.5,0.01,ABCDE,0.0295,0.0171,0.99769,0.99499,0.98985,0.1008,False,0.1069,0.0232,200
injection,-2.0,-2.0,-2.0,1.5,0.01,ABC,0.0323,0.0034,0.98963,0.99499,0.98985,0.1019,False,0.3610,0.0306,200
injection,-2.0,-2.0,-2.0,1.5,0.03,ABCDE,0.0594,0.0268,0.99404,0.97967,0.97662,0.1529,False,0.2741,0.0300,200
injection,-2.0,-2.0,-2.0,1.5,0.03,ABC,0.0592,0.0060,0.97781,0.97967,0.97662,0.1529,False,0.3527,0.0253,200
injection,-2.0,-2.0,-2.0,2.0,0.01,ABCDE,0.0437,0.0206,0.99769,0.98943,0.98985,0.1028,False,0.2997,0.0361,200
injection,-2.0,-2.0,-2.0,2.0,0.01,ABC,0.0460,0.0026,0.98963,0.98943,0.98985,0.1028,False,0.5424,0.0188,200
injection,-2.0,-2.0,-2.0,2.0,0.03,ABCDE,0.0920,0.0283,0.99404,0.95726,0.97662,0.2067,False,0.4828,0.0406,200
injection,-2.0,-2.0,-2.0,2.0,0.03,ABC,0.0914,0.0046,0.97781,0.95726,0.97662,0.2067,False,0.4879,0.0269,200
injection,-2.0,-2.0,-2.0,3.0,0.01,ABCDE,0.0771,0.0217,0.99769,0.96938,0.98985,0.1750,False,0.2041,0.0294,200
injection,-2.0,-2.0,-2.0,3.0,0.01,ABC,0.0780,0.0019,0.98963,0.96938,0.98985,0.1750,False,0.5956,0.0154,200
injection,-2.0,-2.0,-2.0,3.0,0.03,ABCDE,0.1578,0.0293,0.99404,0.88390,0.97662,0.3407,False,0.2672,0.0310,200
injection,-2.0,-2.0,-2.0,3.0,0.03,ABC,0.1566,0.0035,0.97781,0.88390,0.97662,0.3407,False,0.3877,0.0201,200
theta,-0.5,-0.5,-0.5,1.0,0.01,ABCDE,0.3682,0.0059,0.90520,0.99999,0.95272,0.3079,False,0.6438,0.0058,200
theta,-0.5,-0.5,-0.5,1.0,0.01,ABC,0.3122,0.0059,0.94868,0.99999,0.95272,0.2265,False,0.6394,0.0062,200
theta,-0.5,-0.5,-0.5,1.0,0.03,ABCDE,0.1514,0.0024,0.97744,0.99994,0.98819,0.1502,False,0.6414,0.0157,200
theta,-0.5,-0.5,-0.5,1.0,0.03,ABC,0.1282,0.0023,0.98709,0.99994,0.98819,0.1136,False,0.6435,0.0174,200
theta,-0.5,-0.5,-0.5,1.5,0.01,ABCDE,0.3757,0.0470,0.90520,0.98926,0.95272,0.3079,False,0.6189,0.0552,200
theta,-0.5,-0.5,-0.5,1.5,0.01,ABC,0.3196,0.0465,0.94868,0.98926,0.95272,0.2265,False,0.3940,0.0571,200
theta,-0.5,-0.5,-0.5,1.5,0.03,ABCDE,0.1552,0.0417,0.97744,0.98935,0.98819,0.1502,False,0.5717,0.0491,200
theta,-0.5,-0.5,-0.5,1.5,0.03,ABC,0.1334,0.0408,0.98709,0.98935,0.98819,0.1136,False,0.5910,0.0592,200
theta,-0.5,-0.5,-0.5,2.0,0.01,ABCDE,0.3834,0.0933,0.90520,0.95998,0.95272,0.3079,False,0.5174,0.0597,200
theta,-0.5,-0.5,-0.5,2.0,0.01,ABC,0.3256,0.0918,0.94868,0.95998,0.95272,0.2265,False,0.6522,0.0593,200
theta,-0.5,-0.5,-0.5,2.0,0.03,ABCDE,0.1628,0.0796,0.97744,0.96002,0.98819,0.2000,False,0.6476,0.0683,200
theta,-0.5,-0.5,-0.5,2.0,0.03,ABC,0.1459,0.0757,0.98709,0.96002,0.98819,0.2000,False,0.5940,0.0693,200
theta,-0.5,-0.5,-0.5,3.0,0.01,ABCDE,0.3952,0.1732,0.90520,0.86725,0.95272,0.3643,False,0.6085,0.0764,200
theta,-0.5,-0.5,-0.5,3.0,0.01,ABC,0.3366,0.1697,0.94868,0.86725,0.95272,0.3643,False,0.6644,0.0802,200
theta,-0.5,-0.5,-0.5,3.0,0.03,ABCDE,0.2039,0.1236,0.97744,0.86697,0.98819,0.3647,False,0.6153,0.0645,200
theta,-0.5,-0.5,-0.5,3.0,0.03,ABC,0.2006,0.1077,0.98709,0.86697,0.98819,0.3647,False,0.6307,0.0547,200
theta,-0.5,-0.5,-1.0,1.0,0.01,ABCDE,0.4050,0.0047,0.85010,0.99999,0.91187,0.3872,False,0.6212,0.0042,200
theta,-0.5,-0.5,-1.0,1.0,0.01,ABC,0.3544,0.0046,0.91441,0.99999,0.91187,0.2969,False,0.5796,0.0050,200
theta,-0.5,-0.5,-1.0,1.0,0.03,ABCDE,0.2463,0.0015,0.90909,0.99994,0.94613,0.3015,False,0.6538,0.0088,200
theta,-0.5,-0.5,-1.0,1.0,0.03,ABC,0.2171,0.0015,0.94517,0.99994,0.94613,0.2342,False,0.6515,0.0110,200
theta,-0.5,-0.5,-1.0,1.5,0.01,ABCDE,0.4174,0.0412,0.85010,0.98926,0.91187,0.3872,False,0.6361,0.0657,200
theta,-0.5,-0.5,-1.0,1.5,0.01,ABC,0.3669,0.0405,0.91441,0.98926,0.91187,0.2969,False,0.6960,0.0981,200
theta,-0.5,-0.5,-1.0,1.5,0.03,ABCDE,0.2591,0.0254,0.90909,0.98935,0.94613,0.3015,False,0.6617,0.0711,200
theta,-0.5,-0.5,-1.0,1.5,0.03,ABC,0.2312,0.0245,0.94517,0.98935,0.94613,0.2342,False,0.5995,0.0545,200
theta,-0.5,-0.5,-1.0,2.0,0.01,ABCDE,0.4301,0.0816,0.85010,0.95998,0.91187,0.3872,False,0.5893,0.0786,200
theta,-0.5,-0.5,-1.0,2.0,0.01,ABC,0.3785,0.0797,0.91441,0.95998,0.91187,0.2969,False,0.5899,0.0561,200
theta,-0.5,-0.5,-1.0,2.0,0.03,ABCDE,0.2761,0.0470,0.90909,0.96002,0.94613,0.3015,False,0.6149,0.0640,200
theta,-0.5,-0.5,-1.0,2.0,0.03,ABC,0.2487,0.0447,0.94517,0.96002,0.94613,0.2342,False,0.5873,0.0670,200
theta,-0.5,-0.5,-1.0,3.0,0.01,ABCDE,0.4524,0.1480,0.85010,0.86725,0.91187,0.3872,False,0.5767,0.0820,200
theta,-0.5,-0.5,-1.0,3.0,0.01,ABC,0.4022,0.1423,0.91441,0.86725,0.91187,0.3643,False,0.6188,0.0851,200
theta,-0.5,-0.5,-1.0,3.0,0.03,ABCDE,0.3152,0.0762,0.90909,0.86697,0.94613,0.3647,False,0.6316,0.0614,200
theta,-0.5,-0.5,-1.0,3.0,0.03,ABC,0.2946,0.0700,0.94517,0.86697,0.94613,0.3647,False,0.6034,0.0669,200
theta,-0.5,-0.5,-2.0,1.0,0.01,ABCDE,0.5479,0.0030,0.66734,0.99999,0.73637,0.5768,False,0.6491,0.0037,200
theta,-0.5,-0.5,-2.0,1.0,0.01,ABC,0.4883,0.0030,0.78235,0.99999,0.73637,0.5134,False,0.6267,0.0041,200
theta,-0.5,-0.5,-2.0,1.0,0.03,ABCDE,0.4199,0.0008,0.74245,0.99994,0.81353,0.5075,False,0.6019,0.0074,200
theta,-0.5,-0.5,-2.0,1.0,0.03,ABC,0.3780,0.0008,0.82810,0.99994,0.81353,0.4318,False,0.5433,0.0092,200
theta,-0.5,-0.5,-2.0,1.5,0.01,ABCDE,0.5657,0.0292,0.66734,0.98926,0.73637,0.5768,False,0.6426,0.0440,200
theta,-0.5,-0.5,-2.0,1.5,0.01,ABC,0.5059,0.0291,0.78235,0.98926,0.73637,0.5134,False,0.6316,0.0478,200
theta,-0.5,-0.5,-2.0,1.5,0.03,ABCDE,0.4375,0.0148,0.74245,0.98935,0.81353,0.5075,False,0.6191,0.0422,200
theta,-0.5,-0.5,-2.0,1.5,0.03,ABC,0.3952,0.0144,0.82810,0.98935,0.81353,0.4318,False,0.6308,0.0379,200
theta,-0.5,-0.5,-2.0,2.0,0.01,ABCDE,0.5826,0.0579,0.66734,0.95998,0.73637,0.5768,False,0.6123,0.0633,200
theta,-0.5,-0.5,-2.0,2.0,0.01,ABC,0.5232,0.0573,0.78235,0.95998,0.73637,0.5134,False,0.6155,0.0869,200
theta,-0.5,-0.5,-2.0,2.0,0.03,ABCDE,0.4558,0.0279,0.74245,0.96002,0.81353,0.5075,False,0.6718,0.0636,200
theta,-0.5,-0.5,-2.0,2.0,0.03,ABC,0.4155,0.0273,0.82810,0.96002,0.81353,0.4318,False,0.5840,0.0528,200
theta,-0.5,-0.5,-2.0,3.0,0.01,ABCDE,0.6079,0.1056,0.66734,0.86725,0.73637,0.5768,False,0.5329,0.0834,200
theta,-0.5,-0.5,-2.0,3.0,0.01,ABC,0.5529,0.1033,0.78235,0.86725,0.73637,0.5134,False,0.6551,0.0680,200
theta,-0.5,-0.5,-2.0,3.0,0.03,ABCDE,0.4922,0.0489,0.74245,0.86697,0.81353,0.5075,False,0.6008,0.0503,200
theta,-0.5,-0.5,-2.0,3.0,0.03,ABC,0.4543,0.0465,0.82810,0.86697,0.81353,0.4318,False,0.6512,0.0512,200
theta,-0.5,-1.0,-0.5,1.0,0.01,ABCDE,0.8474,0.0041,0.19481,0.99999,0.04999,0.9747,False,0.5753,0.0041,200
theta,-0.5,-1.0,-0.5,1.0,0.01,ABC,0.8549,0.0045,0.26754,0.99999,0.04999,0.9747,False,0.6470,0.0051,200
theta,-0.5,-1.0,-0.5,1.0,0.03,ABCDE,0.6296,0.0032,0.67835,0.99994,0.30400,0.8343,False,0.5815,0.0150,200
theta,-0.5,-1.0,-0.5,1.0,0.03,ABC,0.5949,0.0032,0.74896,0.99994,0.30400,0.8343,False,0.5430,0.0174,200
theta,-0.5,-1.0,-0.5,1.5,0.01,ABCDE,0.8205,0.0330,0.19481,0.98926,0.04999,0.9747,False,0.6720,0.0569,200
theta,-0.5,-1.0,-0.5,1.5,0.01,ABC,0.8409,0.0361,0.26754,0.98926,0.04999,0.9747,False,0.6212,0.0589,200
theta,-0.5,-1.0,-0.5,1.5,0.03,ABCDE,0.6514,0.0520,0.67835,0.98935,0.30400,0.8343,False,0.5226,0.0715,200
theta,-0.5,-1.0,-0.5,1.5,0.03,ABC,0.6102,0.0516,0.74896,0.98935,0.30400,0.8343,False,0.5932,0.0591,200
theta,-0.5,-1.0,-0.5,2.0,0.01,ABCDE,0.7931,0.0645,0.19481,0.95998,0.04999,0.9747,False,0.6496,0.0567,200
theta,-0.5,-1.0,-0.5,2.0,0.01,ABC,0.8228,0.0715,0.26754,0.95998,0.04999,0.9747,False,0.6779,0.0770,200
theta,-0.5,-1.0,-0.5,2.0,0.03,ABCDE,0.6685,0.1004,0.67835,0.96002,0.30400,0.8343,False,0.5022,0.0703,200
theta,-0.5,-1.0,-0.5,2.0,0.03,ABC,0.6249,0.1003,0.74896,0.96002,0.30400,0.8343,False,0.5553,0.0661,200
theta,-0.5,-1.0,-0.5,3.0,0.01,ABCDE,0.7583,0.1162,0.19481,0.86725,0.04999,0.9747,False,0.6311,0.0717,200
theta,-0.5,-1.0,-0.5,3.0,0.01,ABC,0.7906,0.1293,0.26754,0.86725,0.04999,0.9747,False,0.6157,0.0750,200
theta,-0.5,-1.0,-0.5,3.0,0.03,ABCDE,0.6903,0.1861,0.67835,0.86697,0.30400,0.8343,False,0.5314,0.0730,200
theta,-0.5,-1.0,-0.5,3.0,0.03,ABC,0.6488,0.1846,0.74896,0.86697,0.30400,0.8343,False,0.5873,0.0621,200
theta,-0.5,-1.0,-1.0,1.0,0.01,ABCDE,0.8442,0.0041,0.20259,0.99999,0.04415,0.9777,False,0.6717,0.0045,200
theta,-0.5,-1.0,-1.0,1.0,0.01,ABC,0.8562,0.0045,0.27532,0.99999,0.04415,0.9777,False,0.6121,0.0055,200
theta,-0.5,-1.0,-1.0,1.0,0.03,ABCDE,0.6694,0.0032,0.68338,0.99994,0.27784,0.8498,False,0.5987,0.0139,200
theta,-0.5,-1.0,-1.0,1.0,0.03,ABC,0.6383,0.0031,0.75145,0.99994,0.27784,0.8498,False,0.6536,0.0172,200
theta,-0.5,-1.0,-1.0,1.5,0.01,ABCDE,0.8119,0.0326,0.20259,0.98926,0.04415,0.9777,False,0.6512,0.0699,200
theta,-0.5,-1.0,-1.0,1.5,0.01,ABC,0.8344,0.0357,0.27532,0.98926,0.04415,0.9777,False,0.6399,0.0554,200
theta,-0.5,-1.0,-1.0,1.5,0.03,ABCDE,0.6949,0.0517,0.68338,0.98935,0.27784,0.8498,False,0.6260,0.0620,200
theta,-0.5,-1.0,-1.0,1.5,0.03,ABC,0.6593,0.0512,0.75145,0.98935,0.27784,0.8498,False,0.6147,0.0666,200
theta,-0.5,-1.0,-1.0,2.0,0.01,ABCDE,0.7835,0.0638,0.20259,0.95998,0.04415,0.9777,False,0.6779,0.0774,200
theta,-0.5,-1.0,-1.0,2.0,0.01,ABC,0.8107,0.0704,0.27532,0.95998,0.04415,0.9777,False,0.5816,0.0590,200
theta,-0.5,-1.0,-1.0,2.0,0.03,ABCDE,0.7143,0.0998,0.68338,0.96002,0.27784,0.8498,False,0.6196,0.0661,200
theta,-0.5,-1.0,-1.0,2.0,0.03,ABC,0.6751,0.0993,0.75145,0.96002,0.27784,0.8498,False,0.5943,0.0686,200
theta,-0.5,-1.0,-1.0,3.0,0.01,ABCDE,0.7478,0.1148,0.20259,0.86725,0.04415,0.9777,False,0.6043,0.0694,200
theta,-0.5,-1.0,-1.0,3.0,0.01,ABC,0.7766,0.1272,0.27532,0.86725,0.04415,0.9777,False,0.6456,0.0877,200
theta,-0.5,-1.0,-1.0,3.0,0.03,ABCDE,0.7409,0.1852,0.68338,0.86697,0.27784,0.8498,False,0.5863,0.0655,200
theta,-0.5,-1.0,-1.0,3.0,0.03,ABC,0.7034,0.1837,0.75145,0.86697,0.27784,0.8498,False,0.6169,0.0637,200
theta,-0.5,-1.0,-2.0,1.0,0.01,ABCDE,0.8431,0.0039,0.21393,0.99999,0.03452,0.9826,False,0.6037,0.0039,200
theta,-0.5,-1.0,-2.0,1.0,0.01,ABC,0.8388,0.0043,0.28548,0.99999,0.03452,0.9826,False,0.6890,0.0045,200
theta,-0.5,-1.0,-2.0,1.0,0.03,ABCDE,0.6598,0.0029,0.66261,0.99994,0.22178,0.8822,False,0.5945,0.0100,200
theta,-0.5,-1.0,-2.0,1.0,0.03,ABC,0.6273,0.0029,0.73056,0.99994,0.22178,0.8822,False,0.6061,0.0120,200
theta,-0.5,-1.0,-2.0,1.5,0.01,ABCDE,0.8199,0.0310,0.21393,0.98926,0.03452,0.9826,False,0.6690,0.0515,200
theta,-0.5,-1.0,-2.0,1.5,0.01,ABC,0.8203,0.0340,0.28548,0.98926,0.03452,0.9826,False,0.6336,0.0549,200
theta,-0.5,-1.0,-2.0,1.5,0.03,ABCDE,0.6730,0.0462,0.66261,0.98935,0.22178,0.8822,False,0.6297,0.0510,200
theta,-0.5,-1.0,-2.0,1.5,0.03,ABC,0.6383,0.0462,0.73056,0.98935,0.22178,0.8822,False,0.6137,0.0487,200
theta,-0.5,-1.0,-2.0,2.0,0.01,ABCDE,0.7920,0.0616,0.21393,0.95998,0.03452,0.9826,False,0.6128,0.0915,200
theta,-0.5,-1.0,-2.0,2.0,0.01,ABC,0.8027,0.0672,0.28548,0.95998,0.03452,0.9826,False,0.6447,0.0581,200
theta,-0.5,-1.0,-2.0,2.0,0.03,ABCDE,0.6852,0.0893,0.66261,0.96002,0.22178,0.8822,False,0.6324,0.0625,200
theta,-0.5,-1.0,-2.0,2.0,0.03,ABC,0.6549,0.0898,0.73056,0.96002,0.22178,0.8822,False,0.5984,0.0637,200
theta,-0.5,-1.0,-2.0,3.0,0.01,ABCDE,0.7553,0.1118,0.21393,0.86725,0.03452,0.9826,False,0.6485,0.0755,200
theta,-0.5,-1.0,-2.0,3.0,0.01,ABC,0.7697,0.1239,0.28548,0.86725,0.03452,0.9826,False,0.6237,0.0968,200
theta,-0.5,-1.0,-2.0,3.0,0.03,ABCDE,0.6979,0.1662,0.66261,0.86697,0.22178,0.8822,False,0.6202,0.0926,200
theta,-0.5,-1.0,-2.0,3.0,0.03,ABC,0.6717,0.1663,0.73056,0.86697,0.22178,0.8822,False,0.5299,0.0589,200
theta,-0.5,-2.0,-0.5,1.0,0.01,ABCDE,0.6830,0.0016,0.09032,0.99999,0.00479,0.9976,False,0.6849,0.0031,200
theta,-0.5,-2.0,-0.5,1.0,0.01,ABC,0.6886,0.0018,0.11161,0.99999,0.00479,0.9976,False,0.6755,0.0038,200
theta,-0.5,-2.0,-0.5,1.0,0.03,ABCDE,0.6117,0.0018,0.46960,0.99994,0.01704,0.9914,False,0.6687,0.0120,200
theta,-0.5,-2.0,-0.5,1.0,0.03,ABC,0.6115,0.0019,0.51853,0.99994,0.01704,0.9914,False,0.6595,0.0125,200
theta,-0.5,-2.0,-0.5,1.5,0.01,ABCDE,0.6641,0.0129,0.09032,0.98926,0.00479,0.9976,False,0.6614,0.0443,200
theta,-0.5,-2.0,-0.5,1.5,0.01,ABC,0.6701,0.0145,0.11161,0.98926,0.00479,0.9976,False,0.7063,0.0492,200
theta,-0.5,-2.0,-0.5,1.5,0.03,ABCDE,0.6198,0.0290,0.46960,0.98935,0.01704,0.9914,False,0.6403,0.0542,200
theta,-0.5,-2.0,-0.5,1.5,0.03,ABC,0.6175,0.0311,0.51853,0.98935,0.01704,0.9914,False,0.6236,0.0648,200
theta,-0.5,-2.0,-0.5,2.0,0.01,ABCDE,0.6408,0.0249,0.09032,0.95998,0.00479,0.9976,False,0.6691,0.0645,200
theta,-0.5,-2.0,-0.5,2.0,0.01,ABC,0.6489,0.0284,0.11161,0.95998,0.00479,0.9976,False,0.6656,0.0411,200
theta,-0.5,-2.0,-0.5,2.0,0.03,ABCDE,0.6281,0.0559,0.46960,0.96002,0.01704,0.9914,False,0.6690,0.0750,200
theta,-0.5,-2.0,-0.5,2.0,0.03,ABC,0.6246,0.0594,0.51853,0.96002,0.01704,0.9914,False,0.6911,0.0778,200
theta,-0.5,-2.0,-0.5,3.0,0.01,ABCDE,0.6142,0.0448,0.09032,0.86725,0.00479,0.9976,False,0.6810,0.0669,200
theta,-0.5,-2.0,-0.5,3.0,0.01,ABC,0.6215,0.0510,0.11161,0.86725,0.00479,0.9976,False,0.6930,0.0512,200
theta,-0.5,-2.0,-0.5,3.0,0.03,ABCDE,0.6400,0.1039,0.46960,0.86697,0.01704,0.9914,False,0.6428,0.0818,200
theta,-0.5,-2.0,-0.5,3.0,0.03,ABC,0.6397,0.1099,0.51853,0.86697,0.01704,0.9914,False,0.6170,0.0828,200
theta,-0.5,-2.0,-1.0,1.0,0.01,ABCDE,0.6811,0.0016,0.09253,0.99999,0.00502,0.9975,False,0.6460,0.0028,200
theta,-0.5,-2.0,-1.0,1.0,0.01,ABC,0.6864,0.0018,0.11395,0.99999,0.00502,0.9975,False,0.7135,0.0037,200
theta,-0.5,-2.0,-1.0,1.0,0.03,ABCDE,0.6119,0.0018,0.47741,0.99994,0.01989,0.9900,False,0.6061,0.0113,200
theta,-0.5,-2.0,-1.0,1.0,0.03,ABC,0.6109,0.0019,0.52501,0.99994,0.01989,0.9900,False,0.6546,0.0131,200
theta,-0.5,-2.0,-1.0,1.5,0.01,ABCDE,0.6615,0.0128,0.09253,0.98926,0.00502,0.9975,False,0.6734,0.0409,200
theta,-0.5,-2.0,-1.0,1.5,0.01,ABC,0.6672,0.0144,0.11395,0.98926,0.00502,0.9975,False,0.6383,0.0467,200
theta,-0.5,-2.0,-1.0,1.5,0.03,ABCDE,0.6166,0.0288,0.47741,0.98935,0.01989,0.9900,False,0.6425,0.0690,200
theta,-0.5,-2.0,-1.0,1.5,0.03,ABC,0.6151,0.0306,0.52501,0.98935,0.01989,0.9900,False,0.6612,0.0652,200
theta,-0.5,-2.0,-1.0,2.0,0.01,ABCDE,0.6377,0.0249,0.09253,0.95998,0.00502,0.9975,False,0.6953,0.0590,200
theta,-0.5,-2.0,-1.0,2.0,0.01,ABC,0.6455,0.0283,0.11395,0.95998,0.00502,0.9975,False,0.6841,0.0460,200
theta,-0.5,-2.0,-1.0,2.0,0.03,ABCDE,0.6214,0.0553,0.47741,0.96002,0.01989,0.9900,False,0.6274,0.0845,200
theta,-0.5,-2.0,-1.0,2.0,0.03,ABC,0.6207,0.0587,0.52501,0.96002,0.01989,0.9900,False,0.6629,0.0916,200
theta,-0.5,-2.0,-1.0,3.0,0.01,ABCDE,0.6109,0.0446,0.09253,0.86725,0.00502,0.9975,False,0.6377,0.0635,200
theta,-0.5,-2.0,-1.0,3.0,0.01,ABC,0.6179,0.0507,0.11395,0.86725,0.00502,0.9975,False,0.6823,0.0595,200
theta,-0.5,-2.0,-1.0,3.0,0.03,ABCDE,0.6262,0.1033,0.47741,0.86697,0.01989,0.9900,False,0.6209,0.0742,200
theta,-0.5,-2.0,-1.0,3.0,0.03,ABC,0.6258,0.1080,0.52501,0.86697,0.01989,0.9900,False,0.6078,0.0775,200
theta,-0.5,-2.0,-2.0,1.0,0.01,ABCDE,0.6861,0.0015,0.09657,0.99999,0.00572,0.9971,False,0.6690,0.0029,200
theta,-0.5,-2.0,-2.0,1.0,0.01,ABC,0.6915,0.0017,0.11818,0.99999,0.00572,0.9971,False,0.6787,0.0035,200
theta,-0.5,-2.0,-2.0,1.0,0.03,ABCDE,0.6031,0.0017,0.48277,0.99994,0.02572,0.9871,False,0.6088,0.0120,200
theta,-0.5,-2.0,-2.0,1.0,0.03,ABC,0.5999,0.0018,0.52842,0.99994,0.02572,0.9871,False,0.5602,0.0128,200
theta,-0.5,-2.0,-2.0,1.5,0.01,ABCDE,0.6660,0.0126,0.09657,0.98926,0.00572,0.9971,False,0.6925,0.0469,200
theta,-0.5,-2.0,-2.0,1.5,0.01,ABC,0.6684,0.0142,0.11818,0.98926,0.00572,0.9971,False,0.6724,0.0465,200
theta,-0.5,-2.0,-2.0,1.5,0.03,ABCDE,0.6005,0.0280,0.48277,0.98935,0.02572,0.9871,False,0.6245,0.0580,200
theta,-0.5,-2.0,-2.0,1.5,0.03,ABC,0.6003,0.0298,0.52842,0.98935,0.02572,0.9871,False,0.6447,0.0554,200
theta,-0.5,-2.0,-2.0,2.0,0.01,ABCDE,0.6423,0.0248,0.09657,0.95998,0.00572,0.9971,False,0.6568,0.0539,200
theta,-0.5,-2.0,-2.0,2.0,0.01,ABC,0.6497,0.0281,0.11818,0.95998,0.00572,0.9971,False,0.6783,0.0457,200
theta,-0.5,-2.0,-2.0,2.0,0.03,ABCDE,0.5966,0.0537,0.48277,0.96002,0.02572,0.9871,False,0.6352,0.0768,200
theta,-0.5,-2.0,-2.0,2.0,0.03,ABC,0.5965,0.0569,0.52842,0.96002,0.02572,0.9871,False,0.6311,0.0639,200
theta,-0.5,-2.0,-2.0,3.0,0.01,ABCDE,0.6150,0.0444,0.09657,0.86725,0.00572,0.9971,False,0.6969,0.0634,200
theta,-0.5,-2.0,-2.0,3.0,0.01,ABC,0.6220,0.0505,0.11818,0.86725,0.00572,0.9971,False,0.7193,0.0507,200
theta,-0.5,-2.0,-2.0,3.0,0.03,ABCDE,0.5934,0.0991,0.48277,0.86697,0.02572,0.9871,False,0.5832,0.0793,200
theta,-0.5,-2.0,-2.0,3.0,0.03,ABC,0.5921,0.1046,0.52842,0.86697,0.02572,0.9871,False,0.6584,0.0622,200
theta,-1.0,-0.5,-0.5,1.0,0.01,ABCDE,0.8469,0.0042,0.22559,0.99999,0.05283,0.9732,False,0.6113,0.0046,200
theta,-1.0,-0.5,-0.5,1.0,0.01,ABC,0.8595,0.0046,0.30437,0.99999,0.05283,0.9732,False,0.6444,0.0054,200
theta,-1.0,-0.5,-0.5,1.0,0.03,ABCDE,0.5968,0.0032,0.72381,0.99994,0.34819,0.8073,False,0.5578,0.0221,200
theta,-1.0,-0.5,-0.5,1.0,0.03,ABC,0.5673,0.0032,0.78739,0.99994,0.34819,0.8073,False,0.4691,0.0184,200
theta,-1.0,-0.5,-0.5,1.5,0.01,ABCDE,0.8347,0.0348,0.22559,0.98926,0.05283,0.9732,False,0.6241,0.0638,200
theta,-1.0,-0.5,-0.5,1.5,0.01,ABC,0.8431,0.0377,0.30437,0.98926,0.05283,0.9732,False,0.6202,0.0675,200
theta,-1.0,-0.5,-0.5,1.5,0.03,ABCDE,0.6141,0.0519,0.72381,0.98935,0.34819,0.8073,False,0.4987,0.0744,200
theta,-1.0,-0.5,-0.5,1.5,0.03,ABC,0.5842,0.0514,0.78739,0.98935,0.34819,0.8073,False,0.5802,0.0783,200
theta,-1.0,-0.5,-0.5,2.0,0.01,ABCDE,0.8150,0.0677,0.22559,0.95998,0.05283,0.9732,False,0.6085,0.0508,200
theta,-1.0,-0.5,-0.5,2.0,0.01,ABC,0.8342,0.0744,0.30437,0.95998,0.05283,0.9732,False,0.5978,0.0901,200
theta,-1.0,-0.5,-0.5,2.0,0.03,ABCDE,0.6298,0.1005,0.72381,0.96002,0.34819,0.8073,False,0.4707,0.0688,200
theta,-1.0,-0.5,-0.5,2.0,0.03,ABC,0.5984,0.0992,0.78739,0.96002,0.34819,0.8073,False,0.4423,0.0809,200
theta,-1.0,-0.5,-0.5,3.0,0.01,ABCDE,0.7853,0.1228,0.22559,0.86725,0.05283,0.9732,False,0.6208,0.0755,200
theta,-1.0,-0.5,-0.5,3.0,0.01,ABC,0.8152,0.1358,0.30437,0.86725,0.05283,0.9732,False,0.6319,0.0726,200
theta,-1.0,-0.5,-0.5,3.0,0.03,ABCDE,0.6550,0.1851,0.72381,0.86697,0.34819,0.8073,False,0.4709,0.0751,200
theta,-1.0,-0.5,-0.5,3.0,0.03,ABC,0.6195,0.1836,0.78739,0.86697,0.34819,0.8073,False,0.5626,0.0702,200
theta,-1.0,-0.5,-1.0,1.0,0.01,ABCDE,0.8466,0.0042,0.23346,0.99999,0.04737,0.9760,False,0.5865,0.0045,200
theta,-1.0,-0.5,-1.0,1.0,0.01,ABC,0.8589,0.0046,0.31152,0.99999,0.04737,0.9760,False,0.6129,0.0050,200
theta,-1.0,-0.5,-1.0,1.0,0.03,ABCDE,0.6245,0.0031,0.72300,0.99994,0.31557,0.8273,False,0.5860,0.0144,200
theta,-1.0,-0.5,-1.0,1.0,0.03,ABC,0.5971,0.0031,0.78498,0.99994,0.31557,0.8273,False,0.6028,0.0159,200
theta,-1.0,-0.5,-1.0,1.5,0.01,ABCDE,0.8324,0.0341,0.23346,0.98926,0.04737,0.9760,False,0.6235,0.0593,200
theta,-1.0,-0.5,-1.0,1.5,0.01,ABC,0.8439,0.0371,0.31152,0.98926,0.04737,0.9760,False,0.6669,0.0575,200
theta,-1.0,-0.5,-1.0,1.5,0.03,ABCDE,0.6452,0.0509,0.72300,0.98935,0.31557,0.8273,False,0.6441,0.0630,200
theta,-1.0,-0.5,-1.0,1.5,0.03,ABC,0.6176,0.0506,0.78498,0.98935,0.31557,0.8273,False,0.5246,0.0674,200
theta,-1.0,-0.5,-1.0,2.0,0.01,ABCDE,0.8115,0.0667,0.23346,0.95998,0.04737,0.9760,False,0.6326,0.0589,200
theta,-1.0,-0.5,-1.0,2.0,0.01,ABC,0.8299,0.0730,0.31152,0.95998,0.04737,0.9760,False,0.6018,0.0626,200
theta,-1.0,-0.5,-1.0,2.0,0.03,ABCDE,0.6642,0.0983,0.72300,0.96002,0.31557,0.8273,False,0.5997,0.0623,200
theta,-1.0,-0.5,-1.0,2.0,0.03,ABC,0.6366,0.0978,0.78498,0.96002,0.31557,0.8273,False,0.5626,0.0670,200
theta,-1.0,-0.5,-1.0,3.0,0.01,ABCDE,0.7813,0.1207,0.23346,0.86725,0.04737,0.9760,False,0.6399,0.0867,200
theta,-1.0,-0.5,-1.0,3.0,0.01,ABC,0.8075,0.1333,0.31152,0.86725,0.04737,0.9760,False,0.6565,0.0690,200
theta,-1.0,-0.5,-1.0,3.0,0.03,ABCDE,0.6963,0.1819,0.72300,0.86697,0.31557,0.8273,False,0.5428,0.0675,200
theta,-1.0,-0.5,-1.0,3.0,0.03,ABC,0.6653,0.1795,0.78498,0.86697,0.31557,0.8273,False,0.6345,0.0596,200
theta,-1.0,-0.5,-2.0,1.0,0.01,ABCDE,0.8561,0.0040,0.24365,0.99999,0.03881,0.9804,False,0.6357,0.0038,200
theta,-1.0,-0.5,-2.0,1.0,0.01,ABC,0.8576,0.0044,0.31918,0.99999,0.03881,0.9804,False,0.6369,0.0045,200
theta,-1.0,-0.5,-2.0,1.0,0.03,ABCDE,0.6338,0.0028,0.69172,0.99994,0.24659,0.8680,False,0.6288,0.0110,200
theta,-1.0,-0.5,-2.0,1.0,0.03,ABC,0.6076,0.0028,0.75564,0.99994,0.24659,0.8680,False,0.5726,0.0133,200
theta,-1.0,-0.5,-2.0,1.5,0.01,ABCDE,0.8299,0.0324,0.24365,0.98926,0.03881,0.9804,False,0.6568,0.0543,200
theta,-1.0,-0.5,-2.0,1.5,0.01,ABC,0.8362,0.0352,0.31918,0.98926,0.03881,0.9804,False,0.6617,0.0690,200
theta,-1.0,-0.5,-2.0,1.5,0.03,ABCDE,0.6563,0.0450,0.69172,0.98935,0.24659,0.8680,False,0.6237,0.0434,200
theta,-1.0,-0.5,-2.0,1.5,0.03,ABC,0.6290,0.0450,0.75564,0.98935,0.24659,0.8680,False,0.5555,0.0519,200
theta,-1.0,-0.5,-2.0,2.0,0.01,ABCDE,0.8094,0.0636,0.24365,0.95998,0.03881,0.9804,False,0.6593,0.0684,200
theta,-1.0,-0.5,-2.0,2.0,0.01,ABC,0.8158,0.0691,0.31918,0.95998,0.03881,0.9804,False,0.6864,0.0770,200
theta,-1.0,-0.5,-2.0,2.0,0.03,ABCDE,0.6782,0.0876,0.69172,0.96002,0.24659,0.8680,False,0.5908,0.0674,200
theta,-1.0,-0.5,-2.0,2.0,0.03,ABC,0.6474,0.0878,0.75564,0.96002,0.24659,0.8680,False,0.5205,0.0643,200
theta,-1.0,-0.5,-2.0,3.0,0.01,ABCDE,0.7782,0.1171,0.24365,0.86725,0.03881,0.9804,False,0.6395,0.0847,200
theta,-1.0,-0.5,-2.0,3.0,0.01,ABC,0.7882,0.1287,0.31918,0.86725,0.03881,0.9804,False,0.6449,0.0888,200
theta,-1.0,-0.5,-2.0,3.0,0.03,ABCDE,0.6993,0.1623,0.69172,0.86697,0.24659,0.8680,False,0.6201,0.0871,200
theta,-1.0,-0.5,-2.0,3.0,0.03,ABC,0.6710,0.1614,0.75564,0.86697,0.24659,0.8680,False,0.5982,0.0654,200
theta,-1.0,-1.0,-0.5,1.0,0.01,ABCDE,0.6121,0.0029,0.98776,0.99999,0.07553,0.9615,False,0.6660,0.0048,200
theta,-1.0,-1.0,-0.5,1.0,0.01,ABC,0.6126,0.0028,0.99087,0.99999,0.07553,0.9615,False,0.6764,0.0052,200
theta,-1.0,-1.0,-0.5,1.0,0.03,ABCDE,0.6716,0.0006,0.99016,0.99994,0.08758,0.9552,False,0.7131,0.0117,200
theta,-1.0,-1.0,-0.5,1.0,0.03,ABC,0.6649,0.0006,0.99230,0.99994,0.08758,0.9552,False,0.7280,0.0130,200
theta,-1.0,-1.0,-0.5,1.5,0.01,ABCDE,0.6232,0.0215,0.98776,0.98926,0.07553,0.9615,False,0.6967,0.0520,200
theta,-1.0,-1.0,-0.5,1.5,0.01,ABC,0.6225,0.0215,0.99087,0.98926,0.07553,0.9615,False,0.6924,0.0420,200
theta,-1.0,-1.0,-0.5,1.5,0.03,ABCDE,0.6766,0.0091,0.99016,0.98935,0.08758,0.9552,False,0.6604,0.0358,200
theta,-1.0,-1.0,-0.5,1.5,0.03,ABC,0.6686,0.0090,0.99230,0.98935,0.08758,0.9552,False,0.6985,0.0390,200
theta,-1.0,-1.0,-0.5,2.0,0.01,ABCDE,0.6343,0.0426,0.98776,0.95998,0.07553,0.9615,False,0.7185,0.0523,200
theta,-1.0,-1.0,-0.5,2.0,0.01,ABC,0.6316,0.0426,0.99087,0.95998,0.07553,0.9615,False,0.7440,0.0684,200
theta,-1.0,-1.0,-0.5,2.0,0.03,ABCDE,0.6828,0.0174,0.99016,0.96002,0.08758,0.9552,False,0.6759,0.0583,200
theta,-1.0,-1.0,-0.5,2.0,0.03,ABC,0.6732,0.0173,0.99230,0.96002,0.08758,0.9552,False,0.6764,0.0539,200
theta,-1.0,-1.0,-0.5,3.0,0.01,ABCDE,0.6525,0.0785,0.98776,0.86725,0.07553,0.9615,False,0.6965,0.0945,200
theta,-1.0,-1.0,-0.5,3.0,0.01,ABC,0.6459,0.0786,0.99087,0.86725,0.07553,0.9615,False,0.6661,0.0686,200
theta,-1.0,-1.0,-0.5,3.0,0.03,ABCDE,0.6866,0.0316,0.99016,0.86697,0.08758,0.9552,False,0.7071,0.0460,200
theta,-1.0,-1.0,-0.5,3.0,0.03,ABC,0.6766,0.0314,0.99230,0.86697,0.08758,0.9552,False,0.6800,0.0529,200
theta,-1.0,-1.0,-1.0,1.0,0.01,ABCDE,0.8320,0.0065,0.99761,0.99999,0.00119,0.9994,False,0.7093,0.0068,200
theta,-1.0,-1.0,-1.0,1.0,0.01,ABC,0.8327,0.0065,0.99821,0.99999,0.00119,0.9994,False,0.6997,0.0067,200
theta,-1.0,-1.0,-1.0,1.0,0.03,ABCDE,0.8264,0.0033,0.99968,0.99994,0.00120,0.9994,False,0.6994,0.0168,200
theta,-1.0,-1.0,-1.0,1.0,0.03,ABC,0.8289,0.0033,0.99975,0.99994,0.00120,0.9994,False,0.6817,0.0164,200
theta,-1.0,-1.0,-1.0,1.5,0.01,ABCDE,0.8551,0.0498,0.99761,0.98926,0.00119,0.9994,False,0.6421,0.0245,200
theta,-1.0,-1.0,-1.0,1.5,0.01,ABC,0.8544,0.0498,0.99821,0.98926,0.00119,0.9994,False,0.6745,0.0213,200
theta,-1.0,-1.0,-1.0,1.5,0.03,ABCDE,0.8501,0.0513,0.99968,0.98935,0.00120,0.9994,False,0.6669,0.0220,200
theta,-1.0,-1.0,-1.0,1.5,0.03,ABC,0.8555,0.0509,0.99975,0.98935,0.00120,0.9994,False,0.6546,0.0229,200
theta,-1.0,-1.0,-1.0,2.0,0.01,ABCDE,0.8746,0.0995,0.99761,0.95998,0.00119,0.9994,False,0.6768,0.0353,200
theta,-1.0,-1.0,-1.0,2.0,0.01,ABC,0.8739,0.0995,0.99821,0.95998,0.00119,0.9994,False,0.6643,0.0347,200
theta,-1.0,-1.0,-1.0,2.0,0.03,ABCDE,0.8703,0.0989,0.99968,0.96002,0.00120,0.9994,False,0.6972,0.0261,200
theta,-1.0,-1.0,-1.0,2.0,0.03,ABC,0.8788,0.0980,0.99975,0.96002,0.00120,0.9994,False,0.7059,0.0229,200
theta,-1.0,-1.0,-1.0,3.0,0.01,ABCDE,0.9021,0.1864,0.99761,0.86725,0.00119,0.9994,False,0.6287,0.0321,200
theta,-1.0,-1.0,-1.0,3.0,0.01,ABC,0.9017,0.1865,0.99821,0.86725,0.00119,0.9994,False,0.7094,0.0324,200
theta,-1.0,-1.0,-1.0,3.0,0.03,ABCDE,0.8986,0.1838,0.99968,0.86697,0.00120,0.9994,False,0.6993,0.0280,200
theta,-1.0,-1.0,-1.0,3.0,0.03,ABC,0.9082,0.1819,0.99975,0.86697,0.00120,0.9994,False,0.6965,0.0255,200
theta,-1.0,-1.0,-2.0,1.0,0.01,ABCDE,0.6379,0.0015,0.96901,0.99999,0.08144,0.9584,False,0.6584,0.0044,200
theta,-1.0,-1.0,-2.0,1.0,0.01,ABC,0.6375,0.0015,0.97640,0.99999,0.08144,0.9584,False,0.6296,0.0046,200
theta,-1.0,-1.0,-2.0,1.0,0.03,ABCDE,0.6529,0.0003,0.98076,0.99994,0.08514,0.9565,False,0.6673,0.0106,200
theta,-1.0,-1.0,-2.0,1.0,0.03,ABC,0.6531,0.0003,0.98464,0.99994,0.08514,0.9565,False,0.6483,0.0123,200
theta,-1.0,-1.0,-2.0,1.5,0.01,ABCDE,0.6174,0.0124,0.96901,0.98926,0.08144,0.9584,False,0.6288,0.0312,200
theta,-1.0,-1.0,-2.0,1.5,0.01,ABC,0.6183,0.0125,0.97640,0.98926,0.08144,0.9584,False,0.6538,0.0328,200
theta,-1.0,-1.0,-2.0,1.5,0.03,ABCDE,0.6319,0.0063,0.98076,0.98935,0.08514,0.9565,False,0.6462,0.0199,200
theta,-1.0,-1.0,-2.0,1.5,0.03,ABC,0.6340,0.0063,0.98464,0.98935,0.08514,0.9565,False,0.6541,0.0160,200
theta,-1.0,-1.0,-2.0,2.0,0.01,ABCDE,0.5982,0.0246,0.96901,0.95998,0.08144,0.9584,False,0.6308,0.0465,200
theta,-1.0,-1.0,-2.0,2.0,0.01,ABC,0.6023,0.0248,0.97640,0.95998,0.08144,0.9584,False,0.6142,0.0443,200
theta,-1.0,-1.0,-2.0,2.0,0.03,ABCDE,0.6067,0.0122,0.98076,0.96002,0.08514,0.9565,False,0.5246,0.0135,200
theta,-1.0,-1.0,-2.0,2.0,0.03,ABC,0.6100,0.0122,0.98464,0.96002,0.08514,0.9565,False,0.6157,0.0239,200
theta,-1.0,-1.0,-2.0,3.0,0.01,ABCDE,0.5672,0.0456,0.96901,0.86725,0.08144,0.9584,False,0.6166,0.0532,200
theta,-1.0,-1.0,-2.0,3.0,0.01,ABC,0.5751,0.0458,0.97640,0.86725,0.08144,0.9584,False,0.5949,0.0498,200
theta,-1.0,-1.0,-2.0,3.0,0.03,ABCDE,0.5720,0.0221,0.98076,0.86697,0.08514,0.9565,False,0.5752,0.0472,200
theta,-1.0,-1.0,-2.0,3.0,0.03,ABC,0.5763,0.0221,0.98464,0.86697,0.08514,0.9565,False,0.5425,0.0285,200
theta,-1.0,-2.0,-0.5,1.0,0.01,ABCDE,0.5612,0.0020,0.25717,0.99999,0.04167,0.9789,False,0.6852,0.0032,200
theta,-1.0,-2.0,-0.5,1.0,0.01,ABC,0.5605,0.0023,0.29497,0.99999,0.04167,0.9789,False,0.6652,0.0041,200
theta,-1.0,-2.0,-0.5,1.0,0.03,ABCDE,0.3821,0.0016,0.76808,0.99994,0.26651,0.8564,False,0.6625,0.0108,200
theta,-1.0,-2.0,-0.5,1.0,0.03,ABC,0.3789,0.0017,0.79245,0.99994,0.26651,0.8564,False,0.6102,0.0095,200
theta,-1.0,-2.0,-0.5,1.5,0.01,ABCDE,0.5521,0.0166,0.25717,0.98926,0.04167,0.9789,False,0.6923,0.0420,200
theta,-1.0,-2.0,-0.5,1.5,0.01,ABC,0.5565,0.0183,0.29497,0.98926,0.04167,0.9789,False,0.6939,0.0566,200
theta,-1.0,-2.0,-0.5,1.5,0.03,ABCDE,0.3932,0.0261,0.76808,0.98935,0.26651,0.8564,False,0.6884,0.0610,200
theta,-1.0,-2.0,-0.5,1.5,0.03,ABC,0.3877,0.0274,0.79245,0.98935,0.26651,0.8564,False,0.6250,0.0621,200
theta,-1.0,-2.0,-0.5,2.0,0.01,ABCDE,0.5410,0.0330,0.25717,0.95998,0.04167,0.9789,False,0.6562,0.0623,200
theta,-1.0,-2.0,-0.5,2.0,0.01,ABC,0.5443,0.0365,0.29497,0.95998,0.04167,0.9789,False,0.6929,0.0558,200
theta,-1.0,-2.0,-0.5,2.0,0.03,ABCDE,0.4057,0.0489,0.76808,0.96002,0.26651,0.8564,False,0.6049,0.0702,200
theta,-1.0,-2.0,-0.5,2.0,0.03,ABC,0.3989,0.0520,0.79245,0.96002,0.26651,0.8564,False,0.6095,0.0763,200
theta,-1.0,-2.0,-0.5,3.0,0.01,ABCDE,0.5432,0.0601,0.25717,0.86725,0.04167,0.9789,False,0.6801,0.0535,200
theta,-1.0,-2.0,-0.5,3.0,0.01,ABC,0.5492,0.0667,0.29497,0.86725,0.04167,0.9789,False,0.6584,0.0802,200
theta,-1.0,-2.0,-0.5,3.0,0.03,ABCDE,0.4366,0.0854,0.76808,0.86697,0.26651,0.8564,False,0.6097,0.0697,200
theta,-1.0,-2.0,-0.5,3.0,0.03,ABC,0.4308,0.0900,0.79245,0.86697,0.26651,0.8564,False,0.5825,0.0930,200
theta,-1.0,-2.0,-1.0,1.0,0.01,ABCDE,0.5575,0.0020,0.26242,0.99999,0.04410,0.9777,False,0.6200,0.0032,200
theta,-1.0,-2.0,-1.0,1.0,0.01,ABC,0.5569,0.0022,0.30018,0.99999,0.04410,0.9777,False,0.6424,0.0039,200
theta,-1.0,-2.0,-1.0,1.0,0.03,ABCDE,0.3751,0.0017,0.78033,0.99994,0.29294,0.8409,False,0.6614,0.0106,200
theta,-1.0,-2.0,-1.0,1.0,0.03,ABC,0.3744,0.0018,0.80298,0.99994,0.29294,0.8409,False,0.6236,0.0118,200
theta,-1.0,-2.0,-1.0,1.5,0.01,ABCDE,0.5470,0.0166,0.26242,0.98926,0.04410,0.9777,False,0.6812,0.0440,200
theta,-1.0,-2.0,-1.0,1.5,0.01,ABC,0.5511,0.0185,0.30018,0.98926,0.04410,0.9777,False,0.6452,0.0544,200
theta,-1.0,-2.0,-1.0,1.5,0.03,ABCDE,0.3802,0.0270,0.78033,0.98935,0.29294,0.8409,False,0.6259,0.0586,200
theta,-1.0,-2.0,-1.0,1.5,0.03,ABC,0.3778,0.0284,0.80298,0.98935,0.29294,0.8409,False,0.6440,0.0648,200
theta,-1.0,-2.0,-1.0,2.0,0.01,ABCDE,0.5351,0.0331,0.26242,0.95998,0.04410,0.9777,False,0.6239,0.0581,200
theta,-1.0,-2.0,-1.0,2.0,0.01,ABC,0.5381,0.0368,0.30018,0.95998,0.04410,0.9777,False,0.6987,0.0750,200
theta,-1.0,-2.0,-1.0,2.0,0.03,ABCDE,0.3890,0.0511,0.78033,0.96002,0.29294,0.8409,False,0.5966,0.0621,200
theta,-1.0,-2.0,-1.0,2.0,0.03,ABC,0.3831,0.0534,0.80298,0.96002,0.29294,0.8409,False,0.5791,0.0691,200
theta,-1.0,-2.0,-1.0,3.0,0.01,ABCDE,0.5343,0.0598,0.26242,0.86725,0.04410,0.9777,False,0.6679,0.0604,200
theta,-1.0,-2.0,-1.0,3.0,0.01,ABC,0.5355,0.0671,0.30018,0.86725,0.04410,0.9777,False,0.6654,0.0605,200
theta,-1.0,-2.0,-1.0,3.0,0.03,ABCDE,0.4103,0.0889,0.78033,0.86697,0.29294,0.8409,False,0.6436,0.0765,200
theta,-1.0,-2.0,-1.0,3.0,0.03,ABC,0.4051,0.0925,0.80298,0.86697,0.29294,0.8409,False,0.6308,0.0856,200
theta,-1.0,-2.0,-2.0,1.0,0.01,ABCDE,0.5586,0.0020,0.27102,0.99999,0.04895,0.9752,False,0.6160,0.0032,200
theta,-1.0,-2.0,-2.0,1.0,0.01,ABC,0.5594,0.0022,0.30854,0.99999,0.04895,0.9752,False,0.6257,0.0041,200
theta,-1.0,-2.0,-2.0,1.0,0.03,ABCDE,0.3645,0.0016,0.78795,0.99994,0.32155,0.8237,False,0.5744,0.0108,200
theta,-1.0,-2.0,-2.0,1.0,0.03,ABC,0.3610,0.0016,0.80905,0.99994,0.32155,0.8237,False,0.6144,0.0136,200
theta,-1.0,-2.0,-2.0,1.5,0.01,ABCDE,0.5448,0.0163,0.27102,0.98926,0.04895,0.9752,False,0.5965,0.0427,200
theta,-1.0,-2.0,-2.0,1.5,0.01,ABC,0.5439,0.0180,0.30854,0.98926,0.04895,0.9752,False,0.6662,0.0489,200
theta,-1.0,-2.0,-2.0,1.5,0.03,ABCDE,0.3597,0.0270,0.78795,0.98935,0.32155,0.8237,False,0.6393,0.0614,200
theta,-1.0,-2.0,-2.0,1.5,0.03,ABC,0.3564,0.0284,0.80905,0.98935,0.32155,0.8237,False,0.5466,0.0632,200
theta,-1.0,-2.0,-2.0,2.0,0.01,ABCDE,0.5349,0.0325,0.27102,0.95998,0.04895,0.9752,False,0.6350,0.0576,200
theta,-1.0,-2.0,-2.0,2.0,0.01,ABC,0.5380,0.0363,0.30854,0.95998,0.04895,0.9752,False,0.6426,0.0410,200
theta,-1.0,-2.0,-2.0,2.0,0.03,ABCDE,0.3582,0.0518,0.78795,0.96002,0.32155,0.8237,False,0.6071,0.0594,200
theta,-1.0,-2.0,-2.0,2.0,0.03,ABC,0.3580,0.0542,0.80905,0.96002,0.32155,0.8237,False,0.5981,0.0650,200
theta,-1.0,-2.0,-2.0,3.0,0.01,ABCDE,0.5230,0.0594,0.27102,0.86725,0.04895,0.9752,False,0.6304,0.0590,200
theta,-1.0,-2.0,-2.0,3.0,0.01,ABC,0.5245,0.0665,0.30854,0.86725,0.04895,0.9752,False,0.6672,0.0651,200
theta,-1.0,-2.0,-2.0,3.0,0.03,ABCDE,0.3660,0.0927,0.78795,0.86697,0.32155,0.8237,False,0.5825,0.0714,200
theta,-1.0,-2.0,-2.0,3.0,0.03,ABC,0.3644,0.0979,0.80905,0.86697,0.32155,0.8237,False,0.4819,0.0623,200
theta,-2.0,-0.5,-0.5,1.0,0.01,ABCDE,0.6883,0.0016,0.09830,0.99999,0.00563,0.9972,False,0.6751,0.0028,200
theta,-2.0,-0.5,-0.5,1.0,0.01,ABC,0.6935,0.0018,0.12071,0.99999,0.00563,0.9972,False,0.7084,0.0037,200
theta,-2.0,-0.5,-0.5,1.0,0.03,ABCDE,0.6321,0.0019,0.47873,0.99994,0.02438,0.9877,False,0.6927,0.0113,200
theta,-2.0,-0.5,-0.5,1.0,0.03,ABC,0.6319,0.0020,0.52687,0.99994,0.02438,0.9877,False,0.6850,0.0136,200
theta,-2.0,-0.5,-0.5,1.5,0.01,ABCDE,0.6584,0.0128,0.09830,0.98926,0.00563,0.9972,False,0.6700,0.0399,200
theta,-2.0,-0.5,-0.5,1.5,0.01,ABC,0.6650,0.0143,0.12071,0.98926,0.00563,0.9972,False,0.6703,0.0384,200
theta,-2.0,-0.5,-0.5,1.5,0.03,ABCDE,0.6460,0.0289,0.47873,0.98935,0.02438,0.9877,False,0.6418,0.0584,200
theta,-2.0,-0.5,-0.5,1.5,0.03,ABC,0.6472,0.0306,0.52687,0.98935,0.02438,0.9877,False,0.6505,0.0660,200
theta,-2.0,-0.5,-0.5,2.0,0.01,ABCDE,0.6344,0.0251,0.09830,0.95998,0.00563,0.9972,False,0.6748,0.0687,200
theta,-2.0,-0.5,-0.5,2.0,0.01,ABC,0.6417,0.0285,0.12071,0.95998,0.00563,0.9972,False,0.6857,0.0564,200
theta,-2.0,-0.5,-0.5,2.0,0.03,ABCDE,0.6597,0.0554,0.47873,0.96002,0.02438,0.9877,False,0.6651,0.0654,200
theta,-2.0,-0.5,-0.5,2.0,0.03,ABC,0.6582,0.0591,0.52687,0.96002,0.02438,0.9877,False,0.6825,0.0798,200
theta,-2.0,-0.5,-0.5,3.0,0.01,ABCDE,0.6089,0.0449,0.09830,0.86725,0.00563,0.9972,False,0.6566,0.0608,200
theta,-2.0,-0.5,-0.5,3.0,0.01,ABC,0.6163,0.0513,0.12071,0.86725,0.00563,0.9972,False,0.6793,0.0658,200
theta,-2.0,-0.5,-0.5,3.0,0.03,ABCDE,0.6758,0.1008,0.47873,0.86697,0.02438,0.9877,False,0.6191,0.0623,200
theta,-2.0,-0.5,-0.5,3.0,0.03,ABC,0.6820,0.1076,0.52687,0.86697,0.02438,0.9877,False,0.6518,0.0814,200
theta,-2.0,-0.5,-1.0,1.0,0.01,ABCDE,0.6866,0.0016,0.10082,0.99999,0.00650,0.9967,False,0.6272,0.0028,200
theta,-2.0,-0.5,-1.0,1.0,0.01,ABC,0.6923,0.0018,0.12329,0.99999,0.00650,0.9967,False,0.6855,0.0040,200
theta,-2.0,-0.5,-1.0,1.0,0.03,ABCDE,0.6384,0.0019,0.48459,0.99994,0.02954,0.9851,False,0.6499,0.0105,200
theta,-2.0,-0.5,-1.0,1.0,0.03,ABC,0.6333,0.0019,0.53138,0.99994,0.02954,0.9851,False,0.6474,0.0121,200
theta,-2.0,-0.5,-1.0,1.5,0.01,ABCDE,0.6561,0.0126,0.10082,0.98926,0.00650,0.9967,False,0.6561,0.0359,200
theta,-2.0,-0.5,-1.0,1.5,0.01,ABC,0.6633,0.0142,0.12329,0.98926,0.00650,0.9967,False,0.6873,0.0485,200
theta,-2.0,-0.5,-1.0,1.5,0.03,ABCDE,0.6455,0.0284,0.48459,0.98935,0.02954,0.9851,False,0.6919,0.0641,200
theta,-2.0,-0.5,-1.0,1.5,0.03,ABC,0.6428,0.0300,0.53138,0.98935,0.02954,0.9851,False,0.6027,0.0698,200
theta,-2.0,-0.5,-1.0,2.0,0.01,ABCDE,0.6320,0.0249,0.10082,0.95998,0.00650,0.9967,False,0.6768,0.0490,200
theta,-2.0,-0.5,-1.0,2.0,0.01,ABC,0.6397,0.0283,0.12329,0.95998,0.00650,0.9967,False,0.6380,0.0710,200
theta,-2.0,-0.5,-1.0,2.0,0.03,ABCDE,0.6496,0.0546,0.48459,0.96002,0.02954,0.9851,False,0.6965,0.0699,200
theta,-2.0,-0.5,-1.0,2.0,0.03,ABC,0.6518,0.0582,0.53138,0.96002,0.02954,0.9851,False,0.7038,0.0753,200
theta,-2.0,-0.5,-1.0,3.0,0.01,ABCDE,0.6061,0.0448,0.10082,0.86725,0.00650,0.9967,False,0.6883,0.0653,200
theta,-2.0,-0.5,-1.0,3.0,0.01,ABC,0.6136,0.0510,0.12329,0.86725,0.00650,0.9967,False,0.6851,0.0508,200
theta,-2.0,-0.5,-1.0,3.0,0.03,ABCDE,0.6594,0.0991,0.48459,0.86697,0.02954,0.9851,False,0.6517,0.0685,200
theta,-2.0,-0.5,-1.0,3.0,0.03,ABC,0.6624,0.1056,0.53138,0.86697,0.02954,0.9851,False,0.6199,0.0731,200
theta,-2.0,-0.5,-2.0,1.0,0.01,ABCDE,0.6939,0.0016,0.10536,0.99999,0.00838,0.9958,False,0.6449,0.0029,200
theta,-2.0,-0.5,-2.0,1.0,0.01,ABC,0.6992,0.0018,0.12788,0.99999,0.00838,0.9958,False,0.7035,0.0040,200
theta,-2.0,-0.5,-2.0,1.0,0.03,ABCDE,0.6216,0.0018,0.48713,0.99994,0.03819,0.9807,False,0.6311,0.0110,200
theta,-2.0,-0.5,-2.0,1.0,0.03,ABC,0.6175,0.0018,0.53193,0.99994,0.03819,0.9807,False,0.6101,0.0133,200
theta,-2.0,-0.5,-2.0,1.5,0.01,ABCDE,0.6626,0.0124,0.10536,0.98926,0.00838,0.9958,False,0.6560,0.0429,200
theta,-2.0,-0.5,-2.0,1.5,0.01,ABC,0.6687,0.0140,0.12788,0.98926,0.00838,0.9958,False,0.7007,0.0439,200
theta,-2.0,-0.5,-2.0,1.5,0.03,ABCDE,0.6257,0.0273,0.48713,0.98935,0.03819,0.9807,False,0.6680,0.0500,200
theta,-2.0,-0.5,-2.0,1.5,0.03,ABC,0.6234,0.0290,0.53193,0.98935,0.03819,0.9807,False,0.6079,0.0452,200
theta,-2.0,-0.5,-2.0,2.0,0.01,ABCDE,0.6375,0.0247,0.10536,0.95998,0.00838,0.9958,False,0.6555,0.0455,200
theta,-2.0,-0.5,-2.0,2.0,0.01,ABC,0.6447,0.0279,0.12788,0.95998,0.00838,0.9958,False,0.6706,0.0462,200
theta,-2.0,-0.5,-2.0,2.0,0.03,ABCDE,0.6264,0.0530,0.48713,0.96002,0.03819,0.9807,False,0.6668,0.0610,200
theta,-2.0,-0.5,-2.0,2.0,0.03,ABC,0.6283,0.0563,0.53193,0.96002,0.03819,0.9807,False,0.6308,0.0605,200
theta,-2.0,-0.5,-2.0,3.0,0.01,ABCDE,0.6107,0.0444,0.10536,0.86725,0.00838,0.9958,False,0.6152,0.0604,200
theta,-2.0,-0.5,-2.0,3.0,0.01,ABC,0.6173,0.0505,0.12788,0.86725,0.00838,0.9958,False,0.6424,0.0649,200
theta,-2.0,-0.5,-2.0,3.0,0.03,ABCDE,0.6255,0.0965,0.48713,0.86697,0.03819,0.9807,False,0.5610,0.0578,200
theta,-2.0,-0.5,-2.0,3.0,0.03,ABC,0.6277,0.1027,0.53193,0.86697,0.03819,0.9807,False,0.5436,0.0413,200
theta,-2.0,-1.0,-0.5,1.0,0.01,ABCDE,0.6140,0.0021,0.27396,0.99999,0.04695,0.9762,False,0.6644,0.0030,200
theta,-2.0,-1.0,-0.5,1.0,0.01,ABC,0.6143,0.0023,0.31274,0.99999,0.04695,0.9762,False,0.6901,0.0037,200
theta,-2.0,-1.0,-0.5,1.0,0.03,ABCDE,0.4030,0.0017,0.76827,0.99994,0.28354,0.8464,False,0.6289,0.0109,200
theta,-2.0,-1.0,-0.5,1.0,0.03,ABC,0.4021,0.0018,0.79263,0.99994,0.28354,0.8464,False,0.6463,0.0143,200
theta,-2.0,-1.0,-0.5,1.5,0.01,ABCDE,0.6082,0.0169,0.27396,0.98926,0.04695,0.9762,False,0.6818,0.0471,200
theta,-2.0,-1.0,-0.5,1.5,0.01,ABC,0.6070,0.0188,0.31274,0.98926,0.04695,0.9762,False,0.6854,0.0480,200
theta,-2.0,-1.0,-0.5,1.5,0.03,ABCDE,0.4144,0.0264,0.76827,0.98935,0.28354,0.8464,False,0.6324,0.0563,200
theta,-2.0,-1.0,-0.5,1.5,0.03,ABC,0.4135,0.0279,0.79263,0.98935,0.28354,0.8464,False,0.5882,0.0396,200
theta,-2.0,-1.0,-0.5,2.0,0.01,ABCDE,0.6033,0.0334,0.27396,0.95998,0.04695,0.9762,False,0.6977,0.0564,200
theta,-2.0,-1.0,-0.5,2.0,0.01,ABC,0.6011,0.0368,0.31274,0.95998,0.04695,0.9762,False,0.6649,0.0628,200
theta,-2.0,-1.0,-0.5,2.0,0.03,ABCDE,0.4265,0.0499,0.76827,0.96002,0.28354,0.8464,False,0.6443,0.0796,200
theta,-2.0,-1.0,-0.5,2.0,0.03,ABC,0.4247,0.0528,0.79263,0.96002,0.28354,0.8464,False,0.6435,0.0884,200
theta,-2.0,-1.0,-0.5,3.0,0.01,ABCDE,0.6113,0.0616,0.27396,0.86725,0.04695,0.9762,False,0.7129,0.0670,200
theta,-2.0,-1.0,-0.5,3.0,0.01,ABC,0.6058,0.0690,0.31274,0.86725,0.04695,0.9762,False,0.6795,0.0704,200
theta,-2.0,-1.0,-0.5,3.0,0.03,ABCDE,0.4643,0.0884,0.76827,0.86697,0.28354,0.8464,False,0.6205,0.0778,200
theta,-2.0,-1.0,-0.5,3.0,0.03,ABC,0.4576,0.0938,0.79263,0.86697,0.28354,0.8464,False,0.5572,0.0694,200
theta,-2.0,-1.0,-1.0,1.0,0.01,ABCDE,0.6108,0.0021,0.27896,0.99999,0.05023,0.9746,False,0.6917,0.0033,200
theta,-2.0,-1.0,-1.0,1.0,0.01,ABC,0.6115,0.0023,0.31756,0.99999,0.05023,0.9746,False,0.6637,0.0042,200
theta,-2.0,-1.0,-1.0,1.0,0.03,ABCDE,0.3978,0.0017,0.77796,0.99994,0.30789,0.8319,False,0.6322,0.0102,200
theta,-2.0,-1.0,-1.0,1.0,0.03,ABC,0.3977,0.0018,0.80083,0.99994,0.30789,0.8319,False,0.6427,0.0118,200
theta,-2.0,-1.0,-1.0,1.5,0.01,ABCDE,0.6027,0.0168,0.27896,0.98926,0.05023,0.9746,False,0.6703,0.0375,200
theta,-2.0,-1.0,-1.0,1.5,0.01,ABC,0.6018,0.0187,0.31756,0.98926,0.05023,0.9746,False,0.6616,0.0580,200
theta,-2.0,-1.0,-1.0,1.5,0.03,ABCDE,0.4022,0.0271,0.77796,0.98935,0.30789,0.8319,False,0.6497,0.0743,200
theta,-2.0,-1.0,-1.0,1.5,0.03,ABC,0.4033,0.0285,0.80083,0.98935,0.30789,0.8319,False,0.6727,0.0593,200
theta,-2.0,-1.0,-1.0,2.0,0.01,ABCDE,0.5944,0.0331,0.27896,0.95998,0.05023,0.9746,False,0.6482,0.0528,200
theta,-2.0,-1.0,-1.0,2.0,0.01,ABC,0.5955,0.0366,0.31756,0.95998,0.05023,0.9746,False,0.6560,0.0687,200
theta,-2.0,-1.0,-1.0,2.0,0.03,ABCDE,0.4121,0.0512,0.77796,0.96002,0.30789,0.8319,False,0.6586,0.0603,200
theta,-2.0,-1.0,-1.0,2.0,0.03,ABC,0.4107,0.0539,0.80083,0.96002,0.30789,0.8319,False,0.5890,0.0871,200
theta,-2.0,-1.0,-1.0,3.0,0.01,ABCDE,0.5976,0.0614,0.27896,0.86725,0.05023,0.9746,False,0.6501,0.0683,200
theta,-2.0,-1.0,-1.0,3.0,0.01,ABC,0.5934,0.0688,0.31756,0.86725,0.05023,0.9746,False,0.6928,0.0650,200
theta,-2.0,-1.0,-1.0,3.0,0.03,ABCDE,0.4346,0.0900,0.77796,0.86697,0.30789,0.8319,False,0.4992,0.0708,200
theta,-2.0,-1.0,-1.0,3.0,0.03,ABC,0.4322,0.0949,0.80083,0.86697,0.30789,0.8319,False,0.5299,0.0751,200
theta,-2.0,-1.0,-2.0,1.0,0.01,ABCDE,0.6097,0.0020,0.28686,0.99999,0.05654,0.9713,False,0.5364,0.0029,200
theta,-2.0,-1.0,-2.0,1.0,0.01,ABC,0.6064,0.0023,0.32495,0.99999,0.05654,0.9713,False,0.6083,0.0036,200
theta,-2.0,-1.0,-2.0,1.0,0.03,ABCDE,0.3891,0.0017,0.78212,0.99994,0.33262,0.8169,False,0.5181,0.0102,200
theta,-2.0,-1.0,-2.0,1.0,0.03,ABC,0.3866,0.0018,0.80371,0.99994,0.33262,0.8169,False,0.5125,0.0144,200
theta,-2.0,-1.0,-2.0,1.5,0.01,ABCDE,0.5970,0.0165,0.28686,0.98926,0.05654,0.9713,False,0.6464,0.0455,200
theta,-2.0,-1.0,-2.0,1.5,0.01,ABC,0.5959,0.0183,0.32495,0.98926,0.05654,0.9713,False,0.6458,0.0394,200
theta,-2.0,-1.0,-2.0,1.5,0.03,ABCDE,0.3873,0.0268,0.78212,0.98935,0.33262,0.8169,False,0.5278,0.0513,200
theta,-2.0,-1.0,-2.0,1.5,0.03,ABC,0.3862,0.0282,0.80371,0.98935,0.33262,0.8169,False,0.4796,0.0675,200
theta,-2.0,-1.0,-2.0,2.0,0.01,ABCDE,0.5879,0.0325,0.28686,0.95998,0.05654,0.9713,False,0.5841,0.0458,200
theta,-2.0,-1.0,-2.0,2.0,0.01,ABC,0.5891,0.0359,0.32495,0.95998,0.05654,0.9713,False,0.6403,0.0593,200
theta,-2.0,-1.0,-2.0,2.0,0.03,ABCDE,0.3881,0.0513,0.78212,0.96002,0.33262,0.8169,False,0.6104,0.0616,200
theta,-2.0,-1.0,-2.0,2.0,0.03,ABC,0.3867,0.0544,0.80371,0.96002,0.33262,0.8169,False,0.5117,0.0640,200
theta,-2.0,-1.0,-2.0,3.0,0.01,ABCDE,0.5812,0.0605,0.28686,0.86725,0.05654,0.9713,False,0.6258,0.0526,200
theta,-2.0,-1.0,-2.0,3.0,0.01,ABC,0.5816,0.0672,0.32495,0.86725,0.05654,0.9713,False,0.6821,0.0653,200
theta,-2.0,-1.0,-2.0,3.0,0.03,ABCDE,0.3978,0.0922,0.78212,0.86697,0.33262,0.8169,False,0.5224,0.0653,200
theta,-2.0,-1.0,-2.0,3.0,0.03,ABC,0.3970,0.0977,0.80371,0.86697,0.33262,0.8169,False,0.4937,0.0598,200
theta,-2.0,-2.0,-0.5,1.0,0.01,ABCDE,0.3860,0.0019,0.83601,0.99999,0.58816,0.6417,False,0.6542,0.0036,200
theta,-2.0,-2.0,-0.5,1.0,0.01,ABC,0.3888,0.0021,0.85408,0.99999,0.58816,0.6417,False,0.6928,0.0040,200
theta,-2.0,-2.0,-0.5,1.0,0.03,ABCDE,0.2215,0.0011,0.94972,0.99994,0.83507,0.4061,False,0.6428,0.0081,200
theta,-2.0,-2.0,-0.5,1.0,0.03,ABC,0.2217,0.0011,0.95442,0.99994,0.83507,0.4061,False,0.6738,0.0087,200
theta,-2.0,-2.0,-0.5,1.5,0.01,ABCDE,0.3818,0.0162,0.83601,0.98926,0.58816,0.6417,False,0.6625,0.0386,200
theta,-2.0,-2.0,-0.5,1.5,0.01,ABC,0.3879,0.0179,0.85408,0.98926,0.58816,0.6417,False,0.6692,0.0460,200
theta,-2.0,-2.0,-0.5,1.5,0.03,ABCDE,0.2438,0.0170,0.94972,0.98935,0.83507,0.4061,False,0.6339,0.0395,200
theta,-2.0,-2.0,-0.5,1.5,0.03,ABC,0.2447,0.0178,0.95442,0.98935,0.83507,0.4061,False,0.5985,0.0505,200
theta,-2.0,-2.0,-0.5,2.0,0.01,ABCDE,0.3826,0.0312,0.83601,0.95998,0.58816,0.6417,False,0.6377,0.0525,200
theta,-2.0,-2.0,-0.5,2.0,0.01,ABC,0.3854,0.0345,0.85408,0.95998,0.58816,0.6417,False,0.6715,0.0649,200
theta,-2.0,-2.0,-0.5,2.0,0.03,ABCDE,0.2671,0.0320,0.94972,0.96002,0.83507,0.4061,False,0.6132,0.0759,200
theta,-2.0,-2.0,-0.5,2.0,0.03,ABC,0.2671,0.0333,0.95442,0.96002,0.83507,0.4061,False,0.6276,0.0762,200
theta,-2.0,-2.0,-0.5,3.0,0.01,ABCDE,0.3960,0.0552,0.83601,0.86725,0.58816,0.6417,False,0.6403,0.0618,200
theta,-2.0,-2.0,-0.5,3.0,0.01,ABC,0.3983,0.0605,0.85408,0.86725,0.58816,0.6417,False,0.6233,0.0658,200
theta,-2.0,-2.0,-0.5,3.0,0.03,ABCDE,0.3317,0.0524,0.94972,0.86697,0.83507,0.4061,False,0.6079,0.0670,200
theta,-2.0,-2.0,-0.5,3.0,0.03,ABC,0.3325,0.0549,0.95442,0.86697,0.83507,0.4061,False,0.5825,0.0764,200
theta,-2.0,-2.0,-1.0,1.0,0.01,ABCDE,0.3797,0.0019,0.84699,0.99999,0.61171,0.6231,False,0.6396,0.0033,200
theta,-2.0,-2.0,-1.0,1.0,0.01,ABC,0.3832,0.0021,0.86387,0.99999,0.61171,0.6231,False,0.6553,0.0040,200
theta,-2.0,-2.0,-1.0,1.0,0.03,ABCDE,0.2107,0.0011,0.96328,0.99994,0.87871,0.3483,False,0.6565,0.0084,200
theta,-2.0,-2.0,-1.0,1.0,0.03,ABC,0.2116,0.0012,0.96663,0.99994,0.87871,0.3483,False,0.6463,0.0104,200
theta,-2.0,-2.0,-1.0,1.5,0.01,ABCDE,0.3735,0.0165,0.84699,0.98926,0.61171,0.6231,False,0.6080,0.0560,200
theta,-2.0,-2.0,-1.0,1.5,0.01,ABC,0.3795,0.0180,0.86387,0.98926,0.61171,0.6231,False,0.6408,0.0601,200
theta,-2.0,-2.0,-1.0,1.5,0.03,ABCDE,0.2225,0.0178,0.96328,0.98935,0.87871,0.3483,False,0.6864,0.0720,200
theta,-2.0,-2.0,-1.0,1.5,0.03,ABC,0.2231,0.0188,0.96663,0.98935,0.87871,0.3483,False,0.6232,0.0692,200
theta,-2.0,-2.0,-1.0,2.0,0.01,ABCDE,0.3718,0.0314,0.84699,0.95998,0.61171,0.6231,False,0.6329,0.0562,200
theta,-2.0,-2.0,-1.0,2.0,0.01,ABC,0.3758,0.0345,0.86387,0.95998,0.61171,0.6231,False,0.6595,0.0659,200
theta,-2.0,-2.0,-1.0,2.0,0.03,ABCDE,0.2430,0.0334,0.96328,0.96002,0.87871,0.3483,False,0.5821,0.0645,200
theta,-2.0,-2.0,-1.0,2.0,0.03,ABC,0.2444,0.0345,0.96663,0.96002,0.87871,0.3483,False,0.6376,0.0751,200
theta,-2.0,-2.0,-1.0,3.0,0.01,ABCDE,0.3805,0.0554,0.84699,0.86725,0.61171,0.6231,False,0.6342,0.0843,200
theta,-2.0,-2.0,-1.0,3.0,0.01,ABC,0.3854,0.0608,0.86387,0.86725,0.61171,0.6231,False,0.6022,0.0704,200
theta,-2.0,-2.0,-1.0,3.0,0.03,ABCDE,0.2945,0.0552,0.96328,0.86697,0.87871,0.3647,False,0.6232,0.0798,200
theta,-2.0,-2.0,-1.0,3.0,0.03,ABC,0.2951,0.0571,0.96663,0.86697,0.87871,0.3647,False,0.5915,0.0694,200
theta,-2.0,-2.0,-2.0,1.0,0.01,ABCDE,0.3802,0.0020,0.85910,0.99999,0.64122,0.5990,False,0.6054,0.0033,200
theta,-2.0,-2.0,-2.0,1.0,0.01,ABC,0.3816,0.0022,0.87454,0.99999,0.64122,0.5990,False,0.6240,0.0040,200
theta,-2.0,-2.0,-2.0,1.0,0.03,ABCDE,0.1959,0.0012,0.97420,0.99994,0.91535,0.2909,False,0.6431,0.0114,200
theta,-2.0,-2.0,-2.0,1.0,0.03,ABC,0.1952,0.0013,0.97650,0.99994,0.91535,0.2909,False,0.6671,0.0135,200
theta,-2.0,-2.0,-2.0,1.5,0.01,ABCDE,0.3728,0.0169,0.85910,0.98926,0.64122,0.5990,False,0.6744,0.0602,200
theta,-2.0,-2.0,-2.0,1.5,0.01,ABC,0.3760,0.0185,0.87454,0.98926,0.64122,0.5990,False,0.6136,0.0636,200
theta,-2.0,-2.0,-2.0,1.5,0.03,ABCDE,0.2028,0.0189,0.97420,0.98935,0.91535,0.2909,False,0.6492,0.0886,200
theta,-2.0,-2.0,-2.0,1.5,0.03,ABC,0.2031,0.0198,0.97650,0.98935,0.91535,0.2909,False,0.5180,0.0592,200
theta,-2.0,-2.0,-2.0,2.0,0.01,ABCDE,0.3686,0.0323,0.85910,0.95998,0.64122,0.5990,False,0.6109,0.0635,200
theta,-2.0,-2.0,-2.0,2.0,0.01,ABC,0.3717,0.0353,0.87454,0.95998,0.64122,0.5990,False,0.6095,0.0727,200
theta,-2.0,-2.0,-2.0,2.0,0.03,ABCDE,0.2170,0.0356,0.97420,0.96002,0.91535,0.2909,False,0.5553,0.0658,200
theta,-2.0,-2.0,-2.0,2.0,0.03,ABC,0.2171,0.0371,0.97650,0.96002,0.91535,0.2909,False,0.5694,0.0509,200
theta,-2.0,-2.0,-2.0,3.0,0.01,ABCDE,0.3697,0.0566,0.85910,0.86725,0.64122,0.5990,False,0.6277,0.0669,200
theta,-2.0,-2.0,-2.0,3.0,0.01,ABC,0.3727,0.0623,0.87454,0.86725,0.64122,0.5990,False,0.6799,0.0709,200
theta,-2.0,-2.0,-2.0,3.0,0.03,ABCDE,0.2568,0.0584,0.97420,0.86697,0.91535,0.3647,False,0.5908,0.0681,200
theta,-2.0,-2.0,-2.0,3.0,0.03,ABC,0.2571,0.0613,0.97650,0.86697,0.91535,0.3647,False,0.5604,0.0678,200
